VV_mean,VV_std,VV_min,VV_max,VH_mean,VH_std,VH_min,VH_max,VV_stdDev_mean,VH_stdDev_mean,precipitation_sum,precipitation_mean,precipitation_max,elevation_mean,slope_mean,water_occurrence_mean,flood
1.2610354194573836,-1.5911336251442374,1.691053010044374,0.0,1.2826967627986037,-1.6348094325804283,1.7298956352184762,0.0,-0.33285587668132,-0.33314947262997463,1.441958605924571,-0.5135229668464915,-1.0067223603228548,-0.02257735940246251,-0.1923892227307772,-1.01774834090601,True
1.2610354194573836,-1.5911336251442374,1.691053010044374,0.0,1.2826967627986037,-1.6348094325804283,1.7298956352184762,0.0,-0.33285587668132,-0.33314947262997463,-0.8099988561442301,-0.7937208100186509,-1.675800199774044,-0.022606728789404756,-0.19488433504270328,-1.01774834090601,False
-1.8247347887525638,1.7613499662398697,-1.1573119821460625,0.0,-1.3863375297350329,1.3122010318884378,-0.8608118695483232,0.0,-0.33285587668132,-0.33314947262997463,-0.8636281855339155,-1.1016144334816562,-1.7093126597906079,-0.02257735940246251,-0.1923892227307772,-1.01774834090601,False
-0.827874106272837,1.0196704252244815,-0.8957707580644836,0.0,-0.7094097326900832,0.8916744735512758,-0.7943116520761592,0.0,-0.33285587668132,-0.33314947262997463,-0.6686692666013847,-0.3082005830361235,-0.7511828468307105,-0.02257735940246251,-0.1923892227307772,-1.01774834090601,False
-1.0072110878997742,1.1007414588025246,-0.9299665154702844,0.0,-0.7053793644152259,0.747813209129739,-0.6707116009787096,0.0,-0.33285587668132,-0.33314947262997463,0.8647537061250965,0.06287381441330736,-0.23442194721160728,-0.022593789828726188,-0.19378508975842745,-1.01774834090601,True
0.19579759211700887,-0.2316199505476864,-0.026184447138207174,0.0,-0.3742462176354806,0.4539884678056465,-0.40133267857361715,0.0,-0.33285587668132,-0.33314947262997463,2.7633317707407223,1.1897265262130572,2.334841870310171,-0.022593789828730785,-0.19378508975842945,-1.01774834090601,True
0.35676748777716083,-0.38378849143678917,0.20609542588524976,0.0,-0.41162177016747037,0.6318214125506036,-0.7276731422059873,0.0,-0.33285587668132,-0.33314947262997463,3.3349471179796506,0.2600303169723099,0.2401544742202052,-0.022593789828726188,-0.19378508975842945,-1.01774834090601,True
0.5132501628764924,-0.2897997445360117,0.03844141743317968,0.0,0.21964160396611096,0.27672695238784223,-1.1785945636779527,0.0,-0.33285587668132,-0.33314947262997463,1.9323484056759508,1.1586448607674613,-0.7355616997017715,-0.0229388287801899,-0.22309829733911027,-1.01774834090601,True
0.3541653963435203,-0.05416720248434372,-0.4842176651852865,0.0,0.0928809253344283,0.40884910249484985,-1.1146406720214386,0.0,-0.33285587668132,-0.33314947262997463,1.4954995056273028,0.13551247536691724,0.6705278485284512,-0.0229388287801899,-0.22309829733911027,-1.01774834090601,True
-0.2056802904681542,0.8072414498091989,-1.11327571986218,0.0,-0.19550174029751896,0.8054807220852861,-1.1389982389301372,0.0,-0.33285587668132,-0.33314947262997463,1.173190961618833,1.0582694146508842,0.2055103090784246,-0.0229388287801899,-0.22309829733911027,-1.01774834090601,True
1.2610354194573836,-1.5911336251442374,1.691053010044374,0.0,1.2826967627986037,-1.6348094325804283,1.7298956352184762,0.0,-0.33285587668132,-0.33314947262997463,1.3933948124960287,0.509297668322778,1.2566614259251214,-0.9281830052143197,2.423347172014473,0.5755995495918165,True
1.2610354194573836,-1.5911336251442374,1.691053010044374,0.0,1.2826967627986037,-1.6348094325804283,1.7298956352184762,0.0,-0.33285587668132,-0.33314947262997463,-0.930784908119417,-0.5741383120666201,-2.0623771288393513,-0.9281723623931709,2.423064372535218,0.5148182668436448,False
-0.7548421454831185,0.9107035819318383,-0.6488724630635037,0.0,-0.5531803383559495,0.6770834596676484,-0.4501082902021264,0.0,-0.33285587668132,-0.33314947262997463,-0.8796469427705241,-0.23795507349395753,-0.18336432653254028,-0.9281723623931709,2.423064372535218,0.3232479004102658,False
-1.0952543679389197,1.3244336514649038,-0.8398641975703159,0.0,-0.8707046056869948,1.0747182541930114,-0.7586444589335783,0.0,-0.33285587668132,-0.33314947262997463,-1.0444701993274563,-1.4182729990117624,-1.9712219960100836,-0.9281830052143197,2.423347172014473,0.21033393539844192,False
-0.6733841982619749,0.5980251003808271,-0.2937362604854786,0.0,-0.5883902003327313,0.5175849472599966,-0.2956537050037574,0.0,-0.33285587668132,-0.33314947262997463,0.10533837902147986,0.08277518875171963,0.3398350511823265,-0.9281830052143197,2.423347172014473,0.21962088719747275,True
-0.6867119346549246,0.5421960258080443,-0.36731054495188786,0.0,-0.6090088243295608,0.465457486605744,-0.2659247846398668,0.0,-0.33285587668132,-0.33314947262997463,0.3391420770473347,-0.2702031873881032,-0.30558632914396455,-0.9281830052143197,2.423347172014473,0.3440501267051274,True
-0.6136332937610701,0.43878846356309076,-0.44219104975807494,0.0,-0.7297159476875218,0.560722881427863,-0.375168769655484,0.0,-0.33285587668132,-0.33314947262997463,1.9111303578843473,0.5051795520265224,0.2632165225485098,-0.9281830052143197,2.423347172014473,1.0151667627685828,True
0.15068336333965363,0.250044881955985,-0.4032705649613723,0.0,0.19243747223628588,0.2022183445966851,-0.42098368031793837,0.0,-0.33285587668132,-0.33314947262997463,2.387589358376185,4.142309823578768,-0.4190425486248848,-0.9283213618892351,2.427023565244796,-1.01774834090601,True
-0.34398936349564135,0.9143012515635296,-1.129858863149443,0.0,-0.16974869011745647,0.6690822270411854,-0.9206251754558638,0.0,-0.33285587668132,-0.33314947262997463,2.864585558602046,3.922101597542918,-0.5081518616125857,-0.9283213618892397,2.427023565244796,-1.01774834090601,True
-0.2632690983398366,0.8679823168502167,-1.131668404230176,0.0,-0.1165076975288709,0.657908560970143,-0.9323846482512709,0.0,-0.33285587668132,-0.33314947262997463,0.7472969451299849,2.1606356322721028,-1.1487627170616408,-0.9283213618892351,2.427023565244796,-1.01774834090601,True
1.2610354194573836,-1.5911336251442374,1.691053010044374,0.0,1.2826967627986037,-1.6348094325804283,1.7298956352184762,0.0,-0.33285587668132,-0.33314947262997463,-0.10636500514219328,-0.5318076562937832,0.3045279749455113,1.7076206599145582,-0.6246780761539288,1.1358862080609995,True
1.2610354194573836,-1.5911336251442374,1.691053010044374,0.0,1.2826967627986037,-1.6348094325804283,1.7298956352184762,0.0,-0.33285587668132,-0.33314947262997463,-1.0477134079965646,-0.7502292049780103,-0.22745321221620576,1.7076206599145582,-0.6246780761539308,1.078649484430199,False
-0.9027209747375741,0.7636774727756199,-0.2661665812291885,0.0,-0.882330418533472,0.7570994185567864,-0.3264439562613307,0.0,-0.33285587668132,-0.33314947262997463,-1.038371790280836,-0.6615226842185592,-1.455065607993721,1.7076206599145582,-0.6246780761539308,1.079248446821106,False
-0.42882632484740774,0.5024637568062775,-0.1701257391898048,0.0,-0.4844582350382216,0.5907958446459018,-0.33119540846908435,0.0,-0.33285587668132,-0.33314947262997463,-0.896225061102263,0.6882801193725571,0.7658115762061006,1.7076206599145582,-0.6246780761539308,1.011271124981119,False
-0.4895279290845922,0.4787552058966273,-0.26001540536612094,0.0,-0.5529325794883931,0.5698559552658999,-0.38692404970774386,0.0,-0.33285587668132,-0.33314947262997463,-0.40509194659949055,-0.00012351061723808087,1.0134419234198553,1.7076206599145582,-0.6246780761539308,1.0153704212360148,True
-0.5711346594087148,0.5348596796303906,-0.11250324477044968,0.0,-0.5931307374612792,0.5778576921207361,-0.2323686280306542,0.0,-0.33285587668132,-0.33314947262997463,-0.32136866395092173,-0.4886132597368348,-0.4794285025863781,1.7076206599145582,-0.6246780761539308,1.295776430685002,True
-0.5476032830783408,0.6112853054180745,-0.40466023857017186,0.0,-0.5008731946596222,0.5706369811931298,-0.41059950254087,0.0,-0.33285587668132,-0.33314947262997463,0.09225250140108074,-0.5743909109026253,0.23106544269738621,1.7076206599145582,-0.6246780761539308,1.2143359539018252,True
0.2866017511159197,0.10076798920874888,-0.29999016946464935,0.0,0.32232139165981866,0.06015698437326659,-0.30756811048405,0.0,-0.33285587668132,-0.33314947262997463,0.8344043140431341,-0.331656968242761,0.10855522422870106,1.7086065929544523,-0.642939596346846,-1.01774834090601,True
0.279160816648244,0.05546281484022125,-0.31423457530104354,0.0,0.28203453564707365,0.07081000833306497,-0.4801885495189629,0.0,-0.33285587668132,-0.33314947262997463,1.0034359048402994,-0.5476768838777463,1.6003924619564651,1.708606592954457,-0.642939596346848,-1.01774834090601,True
0.13388884196329004,0.2325300936585438,-0.4021414179822057,0.0,0.16176828026388534,0.20757424844446937,-0.4297952006188309,0.0,-0.33285587668132,-0.33314947262997463,0.03889543424418819,-0.8547318324689246,-0.11928312419130373,1.7086065929544523,-0.642939596346846,-1.01774834090601,True
1.2610354194573836,-1.5911336251442374,1.691053010044374,0.0,1.2826967627986037,-1.6348094325804283,1.7298956352184762,0.0,-0.33285587668132,-0.33314947262997463,1.6532342254275396,-0.5466365101764377,0.3498750235770049,1.7962180407753074,-0.2772803016450137,1.2892196912384626,True
1.2610354194573836,-1.5911336251442374,1.691053010044374,0.0,1.2826967627986037,-1.6348094325804283,1.7298956352184762,0.0,-0.33285587668132,-0.33314947262997463,-0.793814875520614,-0.9019847460507278,-0.599305596649273,1.7961865206686636,-0.27628628997158317,1.2430724680708696,False
-0.904861882237207,0.7644902003839221,-0.2747059189733047,0.0,-0.8859820787600708,0.758744134306896,-0.32708930411845494,0.0,-0.33285587668132,-0.33314947262997463,-0.6254157380694356,-0.2478109463607965,-0.644763438770304,1.7961865206686636,-0.27628628997158317,1.2560600995448745,False
-0.3939528794884553,0.456855056047176,-0.13390314107477394,0.0,-0.4691745737716369,0.5687248958204483,-0.3025524583744852,0.0,-0.33285587668132,-0.33314947262997463,-0.36019209383238077,0.6321159931190752,0.901293570195371,1.796218040775312,-0.2772803016450137,1.2487457316410604,False
-0.4377332363451354,0.41900325622560647,-0.25305252398557604,0.0,-0.5245429167747861,0.5362006308253202,-0.3797633280461814,0.0,-0.33285587668132,-0.33314947262997463,-0.40420465079210854,0.0026850294862161535,1.265950074571416,1.7949178363761211,-0.23627732011595706,1.2330212781324568,True
-0.5063434104092535,0.4597974768671921,-0.0727130099248027,0.0,-0.572118070627552,0.5531979731904281,-0.23917153218137224,0.0,-0.33285587668132,-0.33314947262997463,-0.37331515373631585,-0.6109130029929329,-0.5011565635704048,1.7949178363761211,-0.23627732011595706,1.4582739689444921,True
-0.48397132775241525,0.5359593385357334,-0.37672270754945913,0.0,-0.476969550476778,0.5419016398546243,-0.4086583530902123,0.0,-0.33285587668132,-0.33314947262997463,0.07290880631184994,-0.6046686023943356,0.39834777859092485,1.7949178363761211,-0.23627732011595706,1.3001605931029212,True
0.32766927174207305,0.029427785926885535,-0.18754526148037864,0.0,0.33585415037378713,0.03639899899773146,-0.3124552058007128,0.0,-0.33285587668132,-0.33314947262997463,0.8091538310437009,-0.3600513267817936,0.37425365382031583,1.7969114831215418,-0.2991485584605131,-1.01774834090601,True
0.30896272810591385,0.01043136484509048,-0.356136256414884,0.0,0.2943503679927026,0.05447544573684534,-0.5397722622270703,0.0,-0.33285587668132,-0.33314947262997463,0.9840011904991436,-0.5424526510166888,1.236291484532979,1.7969114831215418,-0.299148558460511,-1.01774834090601,True
0.17034481978049532,0.17895479626822436,-0.4152867946673624,0.0,0.18160804461799288,0.17897116369313842,-0.45142148626342293,0.0,-0.33285587668132,-0.33314947262997463,0.02592266415234031,-0.8427525337260463,-0.046401694655198854,1.7969114831215418,-0.299148558460511,-1.01774834090601,True
1.2610354194573836,-1.5911336251442374,1.691053010044374,0.0,1.2826967627986037,-1.6348094325804283,1.7298956352184762,0.0,-0.33285587668132,-0.33314947262997463,0.9106692607376491,-0.5318129263901554,1.741935305518085,0.642221382026143,-0.7502875678005643,-1.01774834090601,True
1.2610354194573836,-1.5911336251442374,1.691053010044374,0.0,1.2826967627986037,-1.6348094325804283,1.7298956352184762,0.0,-0.33285587668132,-0.33314947262997463,-0.819912408428222,-0.5113585074983383,-1.4138752392240328,0.642221382026143,-0.7502875678005643,-1.01774834090601,False
-1.5790492710068722,1.5140696124736746,-1.0668469021180051,0.0,-1.3577438673312758,1.2910524149626426,-0.89755510259937,0.0,4.435394638792644,4.413693790960392,-0.9343425033026874,-1.0866226455701056,-1.4443724889871568,0.642221382026143,-0.7502875678005643,-1.01774834090601,False
-0.7603245487504137,0.9114403597321709,-0.5528017236396865,0.0,-0.6687869398245101,0.8201918001516636,-0.5420098305704268,0.0,2.601199956073716,2.5711903926954203,-0.7637505007987415,-0.22902079362697755,-0.6853075344318748,0.642221382026143,-0.7502875678005643,-1.01774834090601,False
-0.23624568165239954,0.24659935501855199,-1.0281048625391105,0.0,-0.6856266592456264,0.7423728610203634,-1.0151804614756677,0.0,3.176710103186872,3.167646665893637,1.1069304345157172,1.2743042039339274,1.8992755076060746,0.642221382026143,-0.7502875678005643,-1.01774834090601,True
-0.12662061362234958,0.16640221373510786,-0.4459910262405827,0.0,-0.32393078403943515,0.39721755895355126,-0.3561891138709859,0.0,2.7291932393023015,2.593923483378886,1.2050851806076206,0.21449648614226938,1.3412277816229174,0.6421418160794922,-0.7495002229228735,-1.01774834090601,True
-0.2736583473034052,0.4382873318978691,-0.5814414620877651,0.0,-0.202363082486966,0.3426957150460911,-0.41461418948822504,0.0,3.232178694987191,3.0267980289838254,1.2719340311008274,-0.702041239024858,-0.11951557329917302,0.6421418160794922,-0.7495002229228735,-1.01774834090601,True
0.30237834353192833,0.13456708271120407,-0.9423023588271746,0.0,0.26924265315745294,0.17255828139005558,-0.9582710323731576,0.0,2.4958194585413236,2.4798901948070022,0.30658755033194895,-0.2884652552427829,0.4011152065711334,0.6430025749569005,-0.7580178629633506,-1.01774834090601,True
0.28230784408631404,0.06616490844495722,-0.5526706140934113,0.0,0.2978236969532467,0.053417085355791274,-0.6484254319511117,0.0,2.6187145769892433,2.730006150744874,0.47298288533963107,-0.6132139681086025,1.0538979459320934,0.6430025749569005,-0.7580178629633506,-1.01774834090601,True
0.07628744897236638,0.351426749016503,-0.8259257006265217,0.0,0.21640741759493012,0.1255402265164222,-0.5045465433868866,0.0,3.1817505440773566,3.164090342296212,-0.25458290605182354,-0.8804778032255108,-0.42995984877192467,0.6430025749569052,-0.7580178629633475,-1.01774834090601,True
1.2610354194573836,-1.5911336251442374,1.691053010044374,0.0,1.2826967627986037,-1.6348094325804283,1.7298956352184762,0.0,-0.33285587668132,-0.33314947262997463,-0.6569940030577439,-0.17328342788908585,-0.2923111118748376,-1.1265571237248329,-0.1143118934010623,1.5624486992346112,True
1.2610354194573836,-1.5911336251442374,1.691053010044374,0.0,1.2826967627986037,-1.6348094325804283,1.7298956352184762,0.0,-0.33285587668132,-0.33314947262997463,-1.1473726747620483,0.2626394346812814,-1.1793817123628567,-1.1265273351165748,-0.11201769834733617,1.4560452457142596,False
0.38208306850554535,0.016103247361724235,-0.309075798265269,0.0,0.4042802598684826,-0.003916576510286876,-0.3529684304337011,0.0,-0.33285587668132,-0.33314947262997463,-1.1733909429875038,-0.4785566153070315,-1.4426225832027266,-1.1265273351165748,-0.11201769834733617,1.3993120384378115,False
0.13577753659374264,0.4584118296670142,-0.722441002675502,0.0,0.18745133330627994,0.39323392668499485,-0.7596550470716983,0.0,-0.33285587668132,-0.33314947262997463,-1.162375450369891,-0.7926109806989784,0.6834656710794997,-1.1265571237248329,-0.1143118934010603,1.4347398302199006,False
0.2133649334490706,0.1677427318761943,-0.4811992735083645,0.0,0.217537687445485,0.18055917732313476,-0.6053783951644125,0.0,-0.33285587668132,-0.33314947262997463,-0.8950770144487523,-0.650965494917935,-1.5000927648879903,-1.1265035042299674,-0.11018234230435768,1.402837821825914,True
0.5603667197951648,-0.2098554215788182,-0.44822534583501905,0.0,0.5552060718844883,-0.18199158830346074,-0.5068870221507804,0.0,-0.33285587668132,-0.33314947262997463,-0.6415171809388707,-0.0952844523134698,0.6198761466472131,-1.126503504229972,-0.11018234230435768,1.4627676669945033,True
0.8623863579525184,-0.5426087723117108,-0.17136897666180914,0.0,0.8776737828105526,-0.5525246293244339,-0.2030682351022678,0.0,-0.33285587668132,-0.33314947262997463,-0.5258081038108041,-0.6343077888576343,-0.5551527673832416,-1.1265035042299674,-0.11018234230435768,1.3714772584790325,True
1.2610354194573836,-1.5911336251442374,1.691053010044374,0.0,1.2826967627986037,-1.6348094325804283,1.7298956352184762,0.0,-0.33285587668132,-0.33314947262997463,-0.7928461399823455,-0.10281619252101158,0.9408079149620087,-1.1266464895496027,-0.12119447856223366,-1.01774834090601,True
1.2610354194573836,-1.5911336251442374,1.691053010044374,0.0,1.2826967627986037,-1.6348094325804283,1.7298956352184762,0.0,-0.33285587668132,-0.33314947262997463,-0.8164419273302089,-0.5066735102310992,0.04464404409258247,-1.1266464895496027,-0.12119447856223366,-1.01774834090601,True
1.2610354194573836,-1.5911336251442374,1.691053010044374,0.0,1.2826967627986037,-1.6348094325804283,1.7298956352184762,0.0,-0.33285587668132,-0.33314947262997463,-0.9664982222581958,-0.4892968990181534,-1.0476979250153808,-1.1266464895495982,-0.12119447856223164,-1.01774834090601,True
1.2610354194573836,-1.5911336251442374,1.691053010044374,0.0,1.2826967627986037,-1.6348094325804283,1.7298956352184762,0.0,-0.33285587668132,-0.33314947262997463,0.5768948964752886,0.12602926617977983,1.2603633309724054,-1.011051523719292,-0.11037731311150005,1.1051828084694626,True
1.2610354194573836,-1.5911336251442374,1.691053010044374,0.0,1.2826967627986037,-1.6348094325804283,1.7298956352184762,0.0,-0.33285587668132,-0.33314947262997463,-0.7544066731283,1.1783920529776541,0.5417086080951425,-1.011051523719292,-0.11037731311150005,0.22489563890695846,False
-3.6981204050916885,2.144565493145381,-1.3067115015824298,0.0,-3.238343451766376,1.7919324764856945,-0.8762598719755262,0.0,1.8978740808009993,1.7546064939287163,-0.935929145181807,-0.23191499573604513,-1.7821224215215852,-1.011051523719292,-0.11037731311150005,0.12980932120672156,False
-3.1823274486757556,2.0329356877207823,-1.0417804398590507,0.0,-3.289204053657099,2.1429968299323248,-1.145061237550989,0.0,2.1972738553313955,3.001433215180987,-1.077271079284532,-1.3300463934020175,-1.3724104984230914,-1.011051523719292,-0.11037731311150005,0.13569611908867188,False
-3.5577185100495914,1.9218504560804937,-1.0006082135300165,0.0,-3.2954440966505016,1.739419711063409,-0.8414938003580442,0.0,3.18004324759295,3.14436809253643,-0.3867715549481412,-0.6256473543004573,-1.3838136653613398,-1.0110378918368463,-0.11248343598882699,0.13569611908867188,True
-2.3840119473800074,1.152544294957977,-0.9786410804984627,0.0,-2.8171954988033407,1.4213263515161063,-0.7315345624979149,0.0,2.71734725660555,2.4958647113202908,0.899260439368828,1.1198261767118516,1.1592990389226026,-1.0110378918368463,-0.11248343598882699,0.796072983353564,True
-2.015705200086538,0.90291580011133,-0.41084851522165516,0.0,-2.5254868480255834,1.3017373360004936,-0.550088088406438,0.0,3.149214412707619,3.1023788444604596,1.1235762581451247,-0.10352010457555005,-0.520723987147442,-1.0110609611763686,-0.10891922804257809,0.752557984971479,True
-0.7979834506512775,0.8112350155447933,-0.7063542552528116,0.0,-0.9046518095467982,0.9220986242673083,-0.6237282329716787,0.0,-0.33285587668132,-0.33314947262997463,0.1340459865214465,0.24313463851113543,-0.24126804452473297,-1.0108879411299756,-0.13565078763943322,-1.01774834090601,True
-0.8346700661863081,0.7133679662340887,-0.6239451173699728,0.0,-0.8955475389719008,0.783840825587918,-0.5061586095502697,0.0,-0.33285587668132,-0.33314947262997463,0.029064143707789893,-0.3625518256900318,0.20896110194271456,-1.0108879411299756,-0.13565078763943322,-1.01774834090601,True
-0.7912019104376878,0.6665603713506244,-0.4918001742336162,0.0,-1.0278323378720244,0.9326190788617491,-0.7049770216641917,0.0,-0.33285587668132,-0.33314947262997463,-0.26190088361331054,0.026089973623133908,0.23345205280318126,-1.0108879411299756,-0.13565078763943322,-1.01774834090601,True
1.2610354194573836,-1.5911336251442374,1.691053010044374,0.0,1.2826967627986037,-1.6348094325804283,1.7298956352184762,0.0,-0.33285587668132,-0.33314947262997463,-0.296891272295297,0.0047611652045174485,1.0775709972735814,-0.7718386496293541,0.5776583958312301,1.2972089837131269,True
1.2610354194573836,-1.5911336251442374,1.691053010044374,0.0,1.2826967627986037,-1.6348094325804283,1.7298956352184762,0.0,-0.33285587668132,-0.33314947262997463,-1.0425726084705056,0.28597372833829,-1.2092343805039514,-0.7718386496293541,0.5776583958312301,1.2358894390452826,False
0.40974873081512087,-0.038849353694753605,-0.24777112808247076,0.0,0.42896108280220685,-0.053805059008099114,-0.303292819994242,0.0,-0.33285587668132,-0.33314947262997463,-1.0131245016373742,0.705425558783253,1.0456600040413093,-0.7718386496293541,0.5776583958312301,1.211367568693417,False
0.11590653597469232,0.49162835391930465,-0.7489249137892185,0.0,0.17760527682286018,0.40857372226351796,-0.772309718917884,0.0,-0.33285587668132,-0.33314947262997463,-1.1268053741917037,-0.9138177545371968,-1.1130713124426082,-0.7718386496293541,0.5776583958312301,1.2944093454576873,False
0.2506077692941939,0.09944698294434638,-0.28926067026031116,0.0,0.29312990880722634,0.04832742529074488,-0.3516812845738165,0.0,-0.33285587668132,-0.33314947262997463,-0.6041487668352634,0.39280194128141865,1.601986999422664,-0.7718386496293541,0.5776583958312301,1.1826024808886109,True
0.5769031424538063,-0.24177358522257064,-0.4449677513990879,0.0,0.59191238396195,-0.25304984382180756,-0.4888279276492424,0.0,-0.33285587668132,-0.33314947262997463,-0.5745000823284838,-0.28876314021914856,-0.0634074317094833,-0.7718386496293541,0.5776583958312301,1.202944673299627,True
0.738284767417897,-0.4068247804299896,-0.18931502003646697,0.0,0.7582790570596956,-0.4282165695612791,-0.19326678086169713,0.0,-0.33285587668132,-0.33314947262997463,-0.3262954330098411,-0.5061905036055537,0.35063595509854206,-0.7718386496293541,0.5776583958312301,1.400191639984243,True
1.2610354194573836,-1.5911336251442374,1.691053010044374,0.0,1.2826967627986037,-1.6348094325804283,1.7298956352184762,0.0,-0.33285587668132,-0.33314947262997463,-0.621445829838865,-0.023380219729591416,-0.15935935596227052,-0.7724097830515496,0.5990199263677679,-1.01774834090601,True
1.2610354194573836,-1.5911336251442374,1.691053010044374,0.0,1.2826967627986037,-1.6348094325804283,1.7298956352184762,0.0,-0.33285587668132,-0.33314947262997463,-0.6416083423568079,-0.4266014577774121,0.4668398771162872,-0.7724097830515496,0.5990199263677679,-1.01774834090601,True
1.2610354194573836,-1.5911336251442374,1.691053010044374,0.0,1.2826967627986037,-1.6348094325804283,1.7298956352184762,0.0,-0.33285587668132,-0.33314947262997463,-0.8303123440844343,-0.3030629012056115,-0.956722983335733,-0.7724097830515496,0.5990199263677679,-1.01774834090601,True
1.2610354194573836,-1.5911336251442374,1.691053010044374,0.0,1.2826967627986037,-1.6348094325804283,1.7298956352184762,0.0,-0.33285587668132,-0.33314947262997463,0.43940865497244735,0.17434436181631924,1.3449211685921492,-0.42660165850861675,-0.9168790855079972,0.4315870967921835,True
1.2610354194573836,-1.5911336251442374,1.691053010044374,0.0,1.2826967627986037,-1.6348094325804283,1.7298956352184762,0.0,-0.33285587668132,-0.33314947262997463,-0.9464525344373326,0.2113279959100168,-1.1620951867379832,-0.42642587387285846,-0.9119882258029361,0.29494323695377905,False
-0.8160865208616005,0.9892671177758328,-0.6984410057186822,0.0,-0.6470321862826165,0.798865105186809,-0.5797348239606998,0.0,-0.33285587668132,-0.33314947262997463,-1.0185767645697512,-0.47355225847338484,-1.1452798218864064,-0.42642587387285846,-0.9119882258029361,0.19240571286140262,False
-0.8396601143600371,1.0109346581649903,-0.6219266947213415,0.0,-0.695597678392504,0.85565549882296,-0.5567927912339437,0.0,-0.33285587668132,-0.33314947262997463,-1.0710603770150984,-0.9719283212269846,-1.2911083402536063,-0.42642587387285846,-0.9119882258029361,0.22355113704955226,False
-0.8124342228659536,0.7877912683184758,-0.6657780068313945,0.0,-0.909088255053267,0.8861006941441363,-0.5489980022389759,0.0,-0.33285587668132,-0.33314947262997463,-0.3202142985063781,-0.025934394738245933,-0.9315297243538002,-0.42660165850862136,-0.9168790855079992,0.5182243501997552,True
-0.6677962698448948,0.5651219200353043,-0.5299651390681605,0.0,-1.0672453482161295,0.9738715709689114,-0.5832180279868063,0.0,-0.33285587668132,-0.33314947262997463,-0.19611339676632406,-0.44196634202149765,-0.5671414853996567,-0.42660165850861675,-0.9168790855079992,0.6990917034468987,True
-0.613488239621537,0.4651923305709429,-0.597114113218745,0.0,-1.2091383282899018,1.0811861950487935,-0.6139885603121389,0.0,-0.33285587668132,-0.33314947262997463,0.3893600209082402,-0.5760424454640317,-0.13222255455047585,-0.4265057759800226,-0.914211343850692,0.5363688934315056,True
0.21101885893160302,0.19804302261638262,-0.6383675602766913,0.0,0.12776245152375096,0.313357059927168,-0.5826773442259177,0.0,-0.33285587668132,-0.33314947262997463,-0.05498082859737147,0.20469033471880946,-0.5883884218599108,-0.4255469506940487,-0.8875339272776197,-1.01774834090601,True
0.2298025766537953,0.048151974050162236,-0.5193696641404864,0.0,-0.004398590511537707,0.4079201010454733,-0.5767368574752384,0.0,-0.33285587668132,-0.33314947262997463,-0.20561672809292145,-0.5104298153807274,0.009717317003897826,-0.4255469506940487,-0.8875339272776197,-1.01774834090601,True
0.38733387091575716,-0.16959055796620098,-0.16909487633627776,0.0,0.023064761774301553,0.4302066192358163,-0.7841397923077158,0.0,-0.33285587668132,-0.33314947262997463,-0.5453629551572484,-0.4632447835848795,0.5616490891472282,-0.4255469506940487,-0.8875339272776197,-1.01774834090601,True
1.2610354194573836,-1.5911336251442374,1.691053010044374,0.0,1.2826967627986037,-1.6348094325804283,1.7298956352184762,0.0,-0.33285587668132,-0.33314947262997463,2.1614589101059205,0.35287596314206804,3.330360185455166,0.9868147619042599,1.0828135482298946,1.0590032860775704,True
1.2610354194573836,-1.5911336251442374,1.691053010044374,0.0,1.2826967627986037,-1.6348094325804283,1.7298956352184762,0.0,-0.33285587668132,-0.33314947262997463,-0.6952071243122946,-0.17830700044115075,0.7895830293568304,0.9868147619042599,1.0828135482298966,0.8590897458464436,False
-0.6200978567974509,0.456393332923422,-0.05154188747879248,0.0,-0.6106595416904588,0.4565887816057303,-0.0694286078201945,0.0,-0.33285587668132,-0.33314947262997463,-0.8053908999480837,-0.6739169466995458,-0.11146917790833813,0.9868147619042599,1.0828135482298966,1.0441916144825174,False
-0.6513082795014741,0.49406891465672703,-0.08931596736989525,0.0,-0.6112313938735552,0.4613475348898744,-0.1165279132822618,0.0,-0.33285587668132,-0.33314947262997463,-0.5458758838665804,0.49338942332852576,-0.5503565733374185,0.9868147619042599,1.0828135482298966,0.8343667122671942,False
-0.2624954753294543,0.2100219701418867,-0.012024336494523351,0.0,-0.3051604966833156,0.2718108191059723,-0.08089815470169227,0.0,-0.33285587668132,-0.33314947262997463,0.5584451495830474,0.036095300484369444,0.6141297711530713,0.9868147619042645,1.0828135482298966,1.1158677271040744,True
-0.11836431570325799,0.19156189082253183,-0.06236366711375552,0.0,-0.13400051222535297,0.22287542325948448,-0.10264464874774326,0.0,-0.33285587668132,-0.33314947262997463,1.6724630668200842,0.5835816845958642,0.9530976162186862,0.9868147619042599,1.0828135482298966,1.1902250844853446,True
-0.029779962592725397,0.14866439657006905,-0.18030924428366882,0.0,-0.029330876111565117,0.15943112891589573,-0.22016775918207482,0.0,-0.33285587668132,-0.33314947262997463,1.700461061928018,-0.5976176579796292,0.8154595332280434,0.9867964260734304,1.0808725475742949,0.9303213317415481,True
0.4848518020384016,-0.24295313195179405,0.07645435980192039,0.0,0.47922440267869443,-0.21626884178009148,-0.01776877880016521,0.0,-0.33285587668132,-0.33314947262997463,0.30686227558324025,-0.6554505144723617,0.02144239929508731,0.9864480452876117,1.04399353511786,-1.01774834090601,True
0.30590469224265543,-0.047912109671129834,-0.21631175405541211,0.0,0.31818490824038737,-0.05242334617917707,-0.2734579679490565,0.0,-0.33285587668132,-0.33314947262997463,0.8187888489940371,-0.3922901585628764,1.5200802508221813,0.9864480452876117,1.04399353511786,-1.01774834090601,True
0.3331652600559282,-0.08488440820103609,-0.13359759806676685,0.0,0.3456267902361188,-0.09025867815498172,-0.1689653695348792,0.0,-0.33285587668132,-0.33314947262997463,-0.144098764982803,-0.83771239373864,1.399032770085322,0.9864480452876162,1.04399353511786,-1.01774834090601,True
1.2610354194573836,-1.5911336251442374,1.691053010044374,0.0,1.2826967627986037,-1.6348094325804283,1.7298956352184762,0.0,-0.33285587668132,-0.33314947262997463,0.3366853038985185,0.6703898393204512,1.58722247905807,-0.961248803364894,0.8894180416030106,0.20329849518591137,True
1.2610354194573836,-1.5911336251442374,1.691053010044374,0.0,1.2826967627986037,-1.6348094325804283,1.7298956352184762,0.0,-0.33285587668132,-0.33314947262997463,-1.013557842486726,-0.14460673887909986,-1.8410189818333764,-0.961248803364894,0.8894180416030106,0.2260581684098392,False
-0.541036826651402,0.6450782093629543,-0.38255989690422887,0.0,-0.4612061979624807,0.5622271727828301,-0.32054920523171615,0.0,-0.33285587668132,-0.33314947262997463,-1.0205993785554655,-0.21983021274909012,-0.14772963799173147,-0.961248803364894,0.8894180416030106,0.19855502262741803,False
-0.7436953737167488,0.891767185680654,-0.4765049372327753,0.0,-0.643114856077044,0.7901595664347236,-0.4846094516628779,0.0,-0.33285587668132,-0.33314947262997463,-1.113308568820703,-1.2102259564257318,-1.745881750114521,-0.961248803364894,0.8894180416030106,0.16782587433796986,False
-0.6135552101276656,0.5321073497825932,-0.2687737643844518,0.0,-0.5919468819447639,0.5233442537950129,-0.3145871644630792,0.0,-0.33285587668132,-0.33314947262997463,-0.47258830592509377,0.09403383043983446,-0.29551994382099483,-0.9612488033648849,0.8894180416030106,0.1448086777093438,True
-0.6063947347100932,0.45053893765352404,-0.18032876472746015,0.0,-0.5883582682016948,0.4415331016243183,-0.1818845499663234,0.0,-0.33285587668132,-0.33314947262997463,-0.3654674457289978,-0.3319681238436272,-0.25040032568945597,-0.961248803364894,0.8894180416030106,0.14235748041830928,True
-0.7922417948128129,0.6269028945589387,-0.43705320538840897,0.0,-0.7896650102822441,0.6280925611513233,-0.4184520617954227,0.0,-0.33285587668132,-0.33314947262997463,0.3698401454861982,0.17713890523638853,0.25956030474268144,-0.961248803364894,0.8894180416030106,1.1246059513263618,True
0.04241770128496283,0.42938880738626817,-0.6767899802395099,0.0,0.2092614182594466,0.17407759965066671,-0.4523056927227115,0.0,-0.33285587668132,-0.33314947262997463,0.7260596665646671,3.9918988157420876,-0.9706449252290789,-0.9611305968074536,0.8930103257174375,-1.01774834090601,True
-0.7601529281048969,1.5668934946834896,-1.7846905713103571,0.0,-0.42572810186800764,1.078717002032863,-1.355453946779305,0.0,-0.33285587668132,-0.33314947262997463,1.6609705269621688,4.392697492370595,-0.09056974710649841,-0.961130596807449,0.8930103257174375,-1.01774834090601,True
-0.48933833406369864,1.2316590587804022,-1.7211551959973732,0.0,-0.2600302571021976,0.8912496724043313,-1.2943125851770003,0.0,-0.33285587668132,-0.33314947262997463,0.030931724397854195,2.0443913129994025,-1.1210105444609484,-0.961130596807449,0.8930103257174375,-1.01774834090601,True
1.2610354194573836,-1.5911336251442374,1.691053010044374,0.0,1.2826967627986037,-1.6348094325804283,1.7298956352184762,0.0,-0.33285587668132,-0.33314947262997463,1.15023977163182,-0.14522816489660248,0.0365209636226497,0.35094817760241903,-1.4110389464294866,-1.01774834090601,True
1.2610354194573836,-1.5911336251442374,1.691053010044374,0.0,1.2826967627986037,-1.6348094325804283,1.7298956352184762,0.0,-0.33285587668132,-0.33314947262997463,-0.27979163540038116,2.854625950403783,1.6349149061146322,0.3509328783070963,-1.4083916446980407,-1.01774834090601,False
-1.0697013779824578,0.9452955207859329,-0.520588157634002,0.0,-0.7744990271347191,0.637795169105974,-0.29384801884500794,0.0,-0.33285587668132,-0.33314947262997463,-0.9628264735851204,-1.0369683684803734,-0.028934857388873744,0.3509328783070963,-1.4083916446980407,-1.01774834090601,False
-1.0099206063869337,0.9092562035909904,-0.4878513851177967,0.0,-1.2967425324274546,1.2489752329334112,-0.8896659376404928,0.0,-0.33285587668132,-0.33314947262997463,-0.704157480769409,0.24223785989228547,-0.04634094993748537,0.35094817760241903,-1.4110389464294877,-1.01774834090601,False
-0.6102288373572221,0.6335794020076346,-0.5627585950990485,0.0,-0.5684508421296732,0.5998821637830233,-0.6684441430134015,0.0,-0.33285587668132,-0.33314947262997463,0.6057492802486315,0.6288717214780878,1.1475597691254518,0.35094817760241903,-1.4110389464294877,-1.01774834090601,True
-0.136635852039252,0.21616124523147776,-0.12473092433190382,0.0,-0.14031739840939927,0.23058654650769486,-0.09422080537944243,0.0,-0.33285587668132,-0.33314947262997463,0.9575259572068032,0.24798502772918238,0.3883113436688572,0.35094817760241903,-1.4110389464294866,1.2891405790833537,True
-0.3387328953830513,0.565421766864092,-0.5984839374263533,0.0,-0.16626736884963333,0.34902116018407825,-0.5717039810979887,0.0,-0.33285587668132,-0.33314947262997463,1.1558422536368567,-0.5574863676942913,0.6308145597500259,0.3509481776024236,-1.4110389464294877,0.13569611908867188,True
0.347068593141221,-0.0027839234357377755,-0.25912698169422604,0.0,0.41494425050444783,-0.10259177668679474,-0.15557841865138755,0.0,-0.33285587668132,-0.33314947262997463,0.28898394176066206,-0.07938622465379562,-1.063076971691225,0.35081048394451464,-1.3872132308464646,-1.01774834090601,True
0.13618267362628794,0.2528121169701925,-0.7489821567527679,0.0,0.2366242841524673,0.09188235481003007,-0.7222122637481369,0.0,-0.33285587668132,-0.33314947262997463,0.23339525975905118,-0.5387629688754035,-0.43470997962003755,0.35081048394451464,-1.3872132308464646,-1.01774834090601,True
0.17792253346220638,0.1753323859091755,-0.41697996487868044,0.0,0.3007732458836279,-0.011831043932598713,-0.28703068238725177,0.0,-0.33285587668132,-0.33314947262997463,-0.32355285974184445,-0.6620617066386574,0.018895584254298176,0.35081048394451464,-1.3872132308464646,-1.01774834090601,True
-0.981079810015937,1.0725944572269441,-0.9165356122443041,0.0,-0.8523381170408936,0.9465152869362848,-1.007980132485701,0.0,-0.33285587668132,-0.33314947262997463,-0.9160802441460466,0.4997384491337325,0.9916837246908896,-0.39338648379524577,-0.9640634656123422,1.1251849794783515,True
-0.2990471499784049,0.48461559457480025,-0.6469892520254714,0.0,-0.3431798593745164,0.5041920672153293,-0.49388266928962327,0.0,-0.33285587668132,-0.33314947262997463,-0.8797266503677941,-0.0571619994962766,0.35349284261776936,-0.39338648379524577,-0.9640634656123422,1.2075769360499413,True
-0.25610090435067034,0.4847813842843231,-0.9640299348413888,0.0,-0.20477481002282422,0.4100530936861083,-0.7262699746917315,0.0,-0.33285587668132,-0.33314947262997463,-0.7508663759271426,-0.32987179845690767,0.4358092193675227,-0.39338648379524577,-0.9640634656123422,0.8789748593130057,True
0.24666326511232253,0.21151602715562812,-0.9391779349061674,0.0,0.27266339753269475,0.15799081650332863,-0.7242632164769448,0.0,-0.33285587668132,-0.33314947262997463,-0.9281347300958293,0.04287112300490755,-0.08003646548461005,-0.39350630933711567,-0.9395882833718633,-1.01774834090601,True
0.049566078071848436,0.35782143096760743,-1.0901996389375967,0.0,0.11130488940226195,0.25920426861969703,-0.8825195300265034,0.0,-0.33285587668132,-0.33314947262997463,-0.9414944539293619,-0.05254138081277312,0.6514503450041312,-0.39350630933711567,-0.9395882833718633,-1.01774834090601,True
0.11361595686120453,0.3542179068184081,-0.8900429469879302,0.0,0.2451796502376509,0.14800033066916823,-0.6549851664464429,0.0,-0.33285587668132,-0.33314947262997463,-1.0339457045283174,0.3749517611147003,0.2632700064892931,-0.39350630933711567,-0.9395882833718633,-1.01774834090601,True
