event_id,VV_mean,VV_std,VV_min,VV_max,VH_mean,VH_std,VH_min,VH_max,VV_stdDev_mean,VH_stdDev_mean,precipitation_sum,precipitation_mean,precipitation_max,elevation_mean,slope_mean,water_occurrence_mean,is_flood_event,region,start_date,end_date
Ayod_Wetland_2014,0.0,0.0,0.0,0.0,0.0,0.0,0.0,0.0,0.0,0.0,25646.729464813936,8.034689681959254,57.30684371993126,408.41186168737585,0.9860430965204029,,True,Jonglei_Flood_Prone,2014-05-01,2014-09-29
Ayod_Wetland_2016,0.0,0.0,0.0,0.0,0.0,0.0,0.0,0.0,0.0,0.0,4196.222114252713,6.993703523754522,40.88747050103134,408.4114985381586,0.9857678501981686,,False,Jonglei_Flood_Prone,2016-05-02,2016-05-31
Ayod_Wetland_2017,-2.330914985348305,5.224181114129973,-15.165032956269275,0.0,-3.2821110885833793,7.353655492783511,-21.144070659924964,0.0,0.0,0.0,3685.3881648306397,5.8498224838581585,40.06506456251338,408.4118616873759,0.9860430965204029,,False,Jonglei_Flood_Prone,2017-06-01,2017-06-30
Ayod_Wetland_2018,-1.5779109227274366,4.068420572641541,-13.772556467653953,0.0,-2.4496930731735804,6.304318385616246,-20.601328843434807,0.0,0.0,0.0,5542.424895789972,8.797499834587256,63.577860927204526,408.4118616873759,0.9860430965204029,,False,Jonglei_Flood_Prone,2018-05-02,2018-05-31
Ayod_Wetland_2019,-1.7133776716088622,4.194753707756619,-13.954618734759954,0.0,-2.4447369298812336,5.945342335117939,-19.59256648443973,0.0,0.0,0.0,20148.69579656061,10.176108988161923,76.25933022043394,408.4116585269746,0.9858891125639082,,True,Jonglei_Flood_Prone,2019-06-01,2019-08-29
Ayod_Wetland_2020,-0.8046544775438492,2.11853256537386,-9.142775839232325,0.0,-2.0375425465480665,5.212163424148913,-17.394029228054077,0.0,0.0,0.0,38233.168268451176,14.362572602723958,139.3098439727777,408.4116585269745,0.9858891125639081,,True,Jonglei_Flood_Prone,2020-07-01,2020-10-29
Ayod_Wetland_2021,-0.6830617740476745,1.8814080587780322,-7.906090253242909,0.0,-2.0835032581621262,5.655908781244992,-20.057458352931924,0.0,0.0,0.0,43677.95992822704,10.908581400656105,87.90557961761985,408.4116585269746,0.9858891125639081,,True,Jonglei_Flood_Prone,2021-06-01,2021-11-29
Ayod_Wetland_2022,-0.5648586066938709,2.0278708894274318,-8.798700073401907,0.0,-1.307238777088856,4.769843950829297,-23.737655511481965,0.0,0.0,0.0,30317.825691713202,14.24709853933891,63.96120861815149,408.4073921585476,0.9826554494775191,0.0,True,Jonglei_Flood_Prone,2022-05-01,2022-09-29
Ayod_Wetland_2023,-0.6850273299726692,2.3950574967606943,-11.581399002273093,0.0,-1.463116365509971,5.099527467927995,-23.215695544301397,0.0,0.0,0.0,26156.72109741522,10.445974879159433,98.4670728245099,408.4073921585476,0.9826554494775191,0.0,True,Jonglei_Flood_Prone,2023-06-01,2023-11-30
Ayod_Wetland_2024,-1.1079210041030407,3.7373921242665498,-14.930578674378797,0.0,-1.8177404882773702,6.089239694327741,-23.414489933430147,0.0,0.0,0.0,23086.644548966124,13.874185426061372,87.05540129190115,408.4073921585476,0.9826554494775193,0.0,True,Jonglei_Flood_Prone,2023-12-02,2024-09-29
Bentiu_Urban_2014,0.0,0.0,0.0,0.0,0.0,0.0,0.0,0.0,0.0,0.0,25184.14612322937,11.834655133096508,112.85096868227576,397.21414815917007,1.2745959681271986,1.381382412210097,True,Unity_Flood_Prone,2014-05-01,2014-09-29
Bentiu_Urban_2016,0.0,0.0,0.0,0.0,0.0,0.0,0.0,0.0,0.0,0.0,3045.702115815966,7.809492604656323,31.400755350898883,397.21427975647504,1.2745647713284722,1.3286869553794736,False,Unity_Flood_Prone,2016-05-02,2016-05-31
Bentiu_Urban_2017,-1.5227443742394093,3.8986173478744477,-12.458040669712906,0.0,-2.2575778092591645,5.768850864556145,-17.792111596232143,0.0,0.0,0.0,3532.8051451074048,9.058474731044628,77.51229972587484,397.21427975647504,1.2745647713284722,1.162601484359688,False,Unity_Flood_Prone,2017-06-01,2017-06-30
Bentiu_Urban_2018,-1.779883401768695,4.543333647502917,-13.474903310600606,0.0,-2.64803735547663,6.761066306658512,-20.310230890207624,0.0,0.0,0.0,1962.8187950677732,4.673378083494698,33.637729972521115,397.21414815917007,1.2745959681271986,1.064708634787768,False,Unity_Flood_Prone,2018-05-02,2018-05-31
Bentiu_Urban_2019,-1.4612130426618646,3.411369916653099,-10.567253417788981,0.0,-2.300875371506589,5.370855293790937,-16.531529821881016,0.0,0.0,0.0,12915.058247652367,10.25004622829553,90.35177122539875,397.21414815917007,1.2745959681271986,1.0727601293513411,True,Unity_Flood_Prone,2019-06-01,2019-08-29
Bentiu_Urban_2020,-1.47128048721637,3.32437137093253,-10.958971632177295,0.0,-2.3262300904926407,5.240781990018639,-16.288897107975334,0.0,0.0,0.0,15142.102065116258,8.938667098651864,74.5129346922273,397.21414815917007,1.2745959681271986,1.1806363590470719,True,Unity_Flood_Prone,2020-07-01,2020-10-29
Bentiu_Urban_2021,-1.4160786777247985,3.163231183661615,-11.35764431853644,0.0,-2.4746636228576704,5.478497092272992,-17.180492370694857,0.0,0.0,0.0,30115.718015265247,11.8193555789895,88.47152928201965,397.21414815917007,1.2745959681271986,1.762473334592951,True,Unity_Flood_Prone,2021-06-01,2021-11-29
Bentiu_Urban_2022,-0.8387326573220417,2.8691117263794994,-11.150427042578393,0.0,-1.3406916939942377,4.583923120364298,-17.554410964956343,0.0,0.0,0.0,34654.11959008992,25.331958764685613,71.72868463667221,397.21243739420566,1.2750015265106414,0.0,True,Unity_Flood_Prone,2022-05-01,2022-09-29
Bentiu_Urban_2023,-1.2123962790511447,3.904223602829152,-15.01886929554546,0.0,-1.7860719661466222,5.748885442321639,-21.63223721835958,0.0,0.0,0.0,39197.63813849756,24.513844989679527,69.54191505478776,397.2124373942056,1.2750015265106414,0.0,True,Unity_Flood_Prone,2023-06-01,2023-11-30
Bentiu_Urban_2024,-1.1514221743779063,3.8320447248839185,-15.02850350682115,0.0,-1.7206015251594053,5.721003868140444,-21.7282122071424,0.0,0.0,0.0,19029.888200264286,17.969677242931336,53.82113026190848,397.21243739420566,1.2750015265106414,0.0,True,Unity_Flood_Prone,2023-12-02,2024-09-29
Bor_Center_2014,0.0,0.0,0.0,0.0,0.0,0.0,0.0,0.0,0.0,0.0,10898.525930931897,7.966758721441446,89.48532486024051,429.8055686027215,0.9383554968565199,1.867133289605413,True,Jonglei_Flood_Prone,2014-05-01,2014-09-29
Bor_Center_2016,0.0,0.0,0.0,0.0,0.0,0.0,0.0,0.0,0.0,0.0,1931.9263503533841,7.155282779086608,76.43034509195765,429.80556860272145,0.9383554968565198,1.8175108538350215,False,Jonglei_Flood_Prone,2016-05-02,2016-05-31
Bor_Center_2017,-1.6344484078735046,3.6695063017497405,-10.420469176421832,0.0,-2.662333615874617,5.9685141513648325,-16.782824592529227,0.0,0.0,0.0,2020.9077999822277,7.48484370363788,46.30436436757382,429.80556860272145,0.9383554968565198,1.8180301353537074,False,Jonglei_Flood_Prone,2017-06-01,2017-06-30
Bor_Center_2018,-1.2764800348668315,3.2624565058235664,-9.909136345598398,0.0,-2.173070248617905,5.553537956165026,-16.821603590557043,0.0,0.0,0.0,3374.894058808842,12.499607625217934,100.80536441657732,429.80556860272145,0.9383554968565198,1.75909593938878,False,Jonglei_Flood_Prone,2018-05-02,2018-05-31
Bor_Center_2019,-1.3223325350221216,3.225511428978478,-10.387719586766368,0.0,-2.2572731402150925,5.5012867903092975,-17.276433140386093,0.0,0.0,0.0,8053.070560894068,9.942062420856875,106.8822882832585,429.80556860272145,0.9383554968565198,1.762649900066622,True,Jonglei_Flood_Prone,2019-06-01,2019-08-29
Bor_Center_2020,-1.38397625369945,3.312939129699041,-9.602347352864724,0.0,-2.306704809336958,5.521253470741489,-16.015028388671738,0.0,0.0,0.0,8850.557600554399,8.127233792979245,70.24679500169889,429.80556860272145,0.9383554968565198,2.005753074232702,True,Jonglei_Flood_Prone,2020-07-01,2020-10-29
Bor_Center_2021,-1.3662012302811775,3.4320333176323348,-11.157825829648758,0.0,-2.1932557221214712,5.503235679079468,-17.46966045249611,0.0,0.0,0.0,12790.41170400627,7.808554153849982,87.68253202588684,429.80556860272145,0.9383554968565198,1.9351467471768224,True,Jonglei_Flood_Prone,2021-06-01,2021-11-29
Bor_Center_2022,-0.736063247263843,2.63649328020117,-10.600549970735905,0.0,-1.1809734568171577,4.229438358767933,-16.628769294450876,0.0,0.0,0.0,19859.60958205408,8.71035507984828,84.67609408763997,429.8177595555825,0.9363409918390582,0.0,True,Jonglei_Flood_Prone,2022-05-01,2022-09-29
Bor_Center_2023,-0.7416839463066798,2.5658941467955056,-10.676388876404125,0.0,-1.2305141979059784,4.256020778172692,-18.037611764542852,0.0,0.0,0.0,21469.68146038376,7.907801642866946,121.286232615314,429.81775955558254,0.9363409918390581,0.0,True,Jonglei_Flood_Prone,2023-06-01,2023-11-30
Bor_Center_2024,-0.8514188260600007,2.84181840077557,-11.144415330175491,0.0,-1.3784055949853542,4.597287671397942,-17.626326226528956,0.0,0.0,0.0,12282.171126405901,6.767036433281488,79.08487187744939,429.8177595555825,0.9363409918390582,0.0,True,Jonglei_Flood_Prone,2023-12-02,2024-09-29
Bor_Outskirts_2014,0.0,0.0,0.0,0.0,0.0,0.0,0.0,0.0,0.0,0.0,27659.187206790746,7.911666821164401,90.5981551947003,430.9010654062321,0.9766784049392055,2.0000685877455333,True,Jonglei_Flood_Prone,2014-05-01,2014-09-29
Bor_Outskirts_2016,0.0,0.0,0.0,0.0,0.0,0.0,0.0,0.0,0.0,0.0,4350.378931677363,6.591483229814186,67.30497473541963,430.9006756636038,0.9767880585431985,1.960060399429465,False,Jonglei_Flood_Prone,2016-05-02,2016-05-31
Bor_Outskirts_2017,-1.6360655967879163,3.6707727766202325,-10.465933623102401,0.0,-2.666824061934072,5.9726181995708645,-16.788091601894877,0.0,0.0,0.0,5954.426519861474,9.021858363426476,66.18942549510514,430.9006756636038,0.9767880585431985,1.9713202666571117,False,Jonglei_Flood_Prone,2017-06-01,2017-06-30
Bor_Outskirts_2018,-1.2501374912251708,3.191384386706249,-9.716282938228822,0.0,-2.1542759325397878,5.498464465243272,-16.58783402776596,0.0,0.0,0.0,8480.753871099765,12.290947639275021,104.13013366252223,430.90106540623214,0.9766784049392055,1.9649789401715274,False,Jonglei_Flood_Prone,2018-05-02,2018-05-31
Bor_Outskirts_2019,-1.2832080969331474,3.1323998600490937,-10.350648380689877,0.0,-2.2223623760281623,5.417306884429158,-17.217990879146818,0.0,0.0,0.0,8061.52229480066,9.952496660247728,113.07891493879481,430.8849885228143,0.9812016161039154,1.951346334481371,True,Jonglei_Flood_Prone,2019-06-01,2019-08-29
Bor_Outskirts_2020,-1.3350345363899534,3.195969566277972,-9.39049942451763,0.0,-2.2808655359306145,5.4597202390992186,-16.070550320727293,0.0,0.0,0.0,8355.753156089539,7.672867911927951,69.71358179154028,430.8849885228143,0.9812016161039154,2.1466333193554186,True,Jonglei_Flood_Prone,2020-07-01,2020-10-29
Bor_Outskirts_2021,-1.3181352149241061,3.314652730117561,-11.00908310187071,0.0,-2.163861414281541,5.431532574113062,-17.45381775274299,0.0,0.0,0.0,12606.157746865634,7.69606700052847,91.78769131231358,430.8849885228143,0.9812016161039154,2.009554004897313,True,Jonglei_Flood_Prone,2021-06-01,2021-11-29
Bor_Outskirts_2022,-0.7050418513789785,2.5253237151595607,-10.001879947750266,0.0,-1.1643322253580908,4.170155216831156,-16.668655344306824,0.0,0.0,0.0,19619.09186344363,8.604864852387557,91.1964141788251,430.9096397440549,0.9742660256513601,0.0,True,Jonglei_Flood_Prone,2022-05-01,2022-09-29
Bor_Outskirts_2023,-0.719172314745818,2.4957215585653794,-10.899478395042607,0.0,-1.2153694206283694,4.215261253425108,-18.52390449707357,0.0,0.0,0.0,21284.560520111627,7.927210622015504,112.35108413903781,430.9096397440549,0.9742660256513602,0.0,True,Jonglei_Flood_Prone,2023-06-01,2023-11-30
Bor_Outskirts_2024,-0.8238808762886393,2.7583319200274716,-11.214402874327856,0.0,-1.3540086395907927,4.525914585408549,-17.802829251644535,0.0,0.0,0.0,12158.601962734094,6.81154171581742,80.8734042749083,430.9096397440549,0.9742660256513602,0.0,True,Jonglei_Flood_Prone,2023-12-02,2024-09-29
Duk_Lowland_2014,0.0,0.0,0.0,0.0,0.0,0.0,0.0,0.0,0.0,0.0,20586.05394311141,7.9667391420709786,124.75973694899348,416.6320245086398,0.9244989860901756,,True,Jonglei_Flood_Prone,2014-05-01,2014-09-29
Duk_Lowland_2016,0.0,0.0,0.0,0.0,0.0,0.0,0.0,0.0,0.0,0.0,4101.792832297011,8.042731043719629,47.3151885168363,416.6320245086398,0.9244989860901757,,False,Jonglei_Flood_Prone,2016-05-02,2016-05-31
Duk_Lowland_2017,-2.1453301827363513,4.8388437011861,-14.68338614352636,0.0,-3.246949466006589,7.300883490479413,-21.443950717583327,0.0,0.0004312556331012449,0.0004738310311276867,3011.815054042182,5.9055197138082,46.5667767529353,416.6320245086398,0.9244989860901757,,False,Jonglei_Flood_Prone,2017-06-01,2017-06-30
Duk_Lowland_2018,-1.5268856469425616,3.8997654700247546,-11.946548661669741,0.0,-2.3997392305847844,6.125948148991163,-18.542166420919195,0.0,0.0002653652742453752,0.0002899119007547622,4636.750278305335,9.091667212363403,65.19446108403429,416.6320245086398,0.9244989860901757,,False,Jonglei_Flood_Prone,2018-05-02,2018-05-31
Duk_Lowland_2019,-1.1310093494875533,2.863742555654541,-14.47711893106662,0.0,-2.4204470311534356,5.9317670708833825,-22.40395059981756,0.0,0.00031741622921175927,0.00034945030875734403,22455.495005683133,14.676794121361525,128.62091325478607,416.6320245086398,0.9244989860901757,,True,Jonglei_Flood_Prone,2019-06-01,2019-08-29
Duk_Lowland_2020,-1.0482012670317629,2.7387712084488687,-11.377875843902142,0.0,-1.9756696650364176,5.070503355159045,-17.025589826787414,0.0,0.0002769413909389617,0.0002921811233098837,23390.44565994754,10.739414903557181,114.92625271365735,416.6310406845202,0.9245858414116289,,True,Jonglei_Flood_Prone,2020-07-01,2020-10-29
Duk_Lowland_2021,-1.1592699577388537,3.16245026930073,-12.099030025053596,0.0,-1.8261778797884298,4.934455362876452,-17.502426337620605,0.0,0.00032243298380477516,0.0003353907640970684,24027.199143543003,7.334309872876374,79.07916750580313,416.6310406845202,0.9245858414116289,,True,Jonglei_Flood_Prone,2021-06-01,2021-11-29
Duk_Lowland_2022,-0.7241459970478784,2.689162467428225,-14.020296227484213,0.0,-1.2462443739777085,4.509912563107913,-21.93948404466016,0.0,0.00025583432929346796,0.00028079829314114744,14832.011343437658,8.870820181481854,91.85560483475327,416.6416838727232,0.9236462247522705,0.0,True,Jonglei_Flood_Prone,2022-05-01,2022-09-29
Duk_Lowland_2023,-0.7393067591152346,2.5825712382017696,-11.94585061889938,0.0,-1.2110982685013287,4.212620333848026,-19.41067781820028,0.0,0.00026694935186609073,0.00030576492774914507,16416.972168320386,7.664319406312038,107.875091352518,416.6416838727232,0.9236462247522705,0.0,True,Jonglei_Flood_Prone,2023-06-01,2023-11-30
Duk_Lowland_2024,-0.8949295028246738,3.0270952692591613,-13.400693100148981,0.0,-1.311215855607889,4.3925887253916445,-18.236409638301186,0.0,0.0003178721026018784,0.0003490953156843598,9486.710110030017,6.6713854500914325,71.46077077809332,416.64168387272326,0.9236462247522707,0.0,True,Jonglei_Flood_Prone,2023-12-02,2024-09-29
Kodok_Floodplain_2014,0.0,0.0,0.0,0.0,0.0,0.0,0.0,0.0,0.0,0.0,5653.634956672976,9.298741705054237,74.83871255251718,394.7612741507492,0.9946561347572597,2.2369495278103964,True,Upper_Nile_Flood_Prone,2014-05-01,2014-09-29
Kodok_Floodplain_2016,0.0,0.0,0.0,0.0,0.0,0.0,0.0,0.0,0.0,0.0,982.6447274488944,10.91827474943216,53.06973082555772,394.7616424835917,0.9949092170525966,2.1447010865453153,False,Upper_Nile_Flood_Prone,2016-05-02,2016-05-31
Kodok_Floodplain_2017,-0.663939006472309,2.5045600631299103,-10.648922935776408,0.0,-1.0801886482787677,4.069556031027892,-16.999304204791915,0.0,0.0,0.0,734.8136457257544,8.164596063619493,46.609719971912675,394.7616424835917,0.9949092170525966,2.0955151835875703,False,Upper_Nile_Flood_Prone,2017-06-01,2017-06-30
Kodok_Floodplain_2018,-0.8499921525490711,3.19381030979343,-12.849728297815156,0.0,-1.3468231483248057,5.060563024214825,-20.31847880972813,0.0,0.0,0.0,839.7392090830144,6.997826742358454,98.78457091603212,394.7612741507492,0.9946561347572598,2.1262299626782357,False,Upper_Nile_Flood_Prone,2018-05-02,2018-05-31
Kodok_Floodplain_2019,-0.7913845396026876,2.740860140240753,-11.565328727086817,0.0,-1.3098259629339826,4.529877145193671,-19.059349238712386,0.0,0.0,0.0,3385.8295154481057,7.524065589884679,45.19938427342006,394.7619371498657,0.995111682888866,2.0985719266821783,True,Upper_Nile_Flood_Prone,2019-06-01,2019-08-29
Kodok_Floodplain_2020,-0.5292679174430795,2.1524482693878353,-11.389771626351852,0.0,-0.8945951987839855,3.62520664564613,-18.255511465995262,0.0,0.0,0.0,5801.055896995372,9.588522143794004,97.22406468954807,394.7619371498656,0.9951116828888661,2.1505292139614163,True,Upper_Nile_Flood_Prone,2020-07-01,2020-10-29
Kodok_Floodplain_2021,-0.30112970463078215,1.633918133989159,-9.915755489313163,0.0,-0.49805670068329194,2.7006180277184573,-15.775893103309935,0.0,0.0,0.0,6903.21632909434,7.58595200999378,68.38849856425244,394.7619371498657,0.995111682888866,2.071383306480191,True,Upper_Nile_Flood_Prone,2021-06-01,2021-11-29
Kodok_Floodplain_2022,0.0,0.0,0.0,0.0,0.0,0.0,0.0,0.0,0.0,0.0,4359.606401171964,9.560540353447289,105.0998276741426,394.76016915222186,0.9938968878712493,0.0,True,Upper_Nile_Flood_Prone,2022-05-01,2022-09-29
Kodok_Floodplain_2023,0.0,0.0,0.0,0.0,0.0,0.0,0.0,0.0,0.0,0.0,4134.850108714002,8.060136664159849,83.10769433257406,394.76016915222186,0.9938968878712493,0.0,True,Upper_Nile_Flood_Prone,2023-06-01,2023-11-30
Kodok_Floodplain_2024,0.0,0.0,0.0,0.0,0.0,0.0,0.0,0.0,0.0,0.0,2705.5230847506937,8.124693948200282,56.301290927906905,394.7601691522219,0.9938968878712494,0.0,True,Upper_Nile_Flood_Prone,2023-12-02,2024-09-29
Leer_Rural_2014,0.0,0.0,0.0,0.0,0.0,0.0,0.0,0.0,0.0,0.0,17406.762338082004,10.410743025168662,112.94181455551846,396.189488104303,0.9950901748399689,1.8405144096710657,True,Unity_Flood_Prone,2014-05-01,2014-09-29
Leer_Rural_2016,0.0,0.0,0.0,0.0,0.0,0.0,0.0,0.0,0.0,0.0,4725.752778353917,14.32046296470884,95.30580957271151,396.189488104303,0.9950901748399688,1.0773331728678968,False,Unity_Flood_Prone,2016-05-02,2016-05-31
Leer_Rural_2017,-3.7460244432213714,5.821346547973184,-15.9604537124277,0.0,-5.559522506572703,8.550726156480454,-21.270149599471196,0.0,0.00020175426122649354,0.0002084003004618027,2996.701858582664,9.08091472297777,38.27829091474065,396.189488104303,0.9950901748399688,0.9948963317384371,False,Unity_Flood_Prone,2017-06-01,2017-06-30
Leer_Rural_2018,-3.356407119077057,5.6473936246025955,-14.549929326265802,0.0,-5.622065781458507,9.42673468857387,-23.46397312325935,0.0,0.0002288329222356048,0.000332858842310014,1650.381491754877,5.0011560356208395,48.332745839006854,396.189488104303,0.9950901748399688,1.0,False,Unity_Flood_Prone,2018-05-02,2018-05-31
Leer_Rural_2019,-3.6399683019525857,5.474289311523959,-14.330723511394927,0.0,-5.629739161436866,8.419691404298657,-20.98640615352236,0.0,0.0003177176893167317,0.00034712663599112447,8227.577274454017,7.618127105975942,48.05290866193026,396.18965666101985,0.9948578395765874,1.0,True,Unity_Flood_Prone,2019-06-01,2019-08-29
Leer_Rural_2020,-2.75337920725936,4.275478159025283,-14.213767890436365,0.0,-5.0416369289235545,7.625955172664827,-20.0889733515761,0.0,0.00027587000285830897,0.0002823928732043702,20477.38181641488,14.102880038853224,110.46166615958482,396.18965666101985,0.9948578395765874,1.572525931823312,True,Unity_Flood_Prone,2020-07-01,2020-10-29
Leer_Rural_2021,-2.4751693411497095,3.886481633679687,-11.190772948300882,0.0,-4.682922842697063,7.327545502449606,-18.60809715766946,0.0,0.000314929432142916,0.00034293525919451003,22614.05100335759,9.55792519161352,69.23339127901754,396.1893714111913,0.9952510223300023,1.534799799450813,True,Unity_Flood_Prone,2021-06-01,2021-11-29
Leer_Rural_2022,-1.5553322560059781,3.743615304820676,-12.764080547090387,0.0,-2.6897822272178225,6.380235565322137,-19.209111520437013,0.0,0.0,0.0,13188.506017455868,10.845810869618312,76.09132491484898,396.19151078490563,0.9923021516793908,0.0,True,Unity_Flood_Prone,2022-05-01,2022-09-29
Leer_Rural_2023,-1.5830444238416772,3.5911089086615453,-12.325324525542067,0.0,-2.678586706991303,6.035241805395977,-18.249566523362244,0.0,0.0,0.0,12188.525409970927,8.595575042292614,87.14008479597052,396.19151078490563,0.9923021516793907,0.0,True,Unity_Flood_Prone,2023-06-01,2023-11-30
Leer_Rural_2024,-1.550209647178677,3.5181685507082694,-11.62176917952369,0.0,-2.8412573053180745,6.406487185276576,-19.87222386561179,0.0,0.0,0.0,9417.004383293191,10.039450302018327,87.7411001621252,396.19151078490563,0.9923021516793907,0.0,True,Unity_Flood_Prone,2023-12-02,2024-09-29
Malakal_Port_2014,0.0,0.0,0.0,0.0,0.0,0.0,0.0,0.0,0.0,0.0,9083.711413836998,9.9602098835932,108.45603521627666,399.1473288031831,1.0709902846454822,2.006995052566129,True,Upper_Nile_Flood_Prone,2014-05-01,2014-09-29
Malakal_Port_2016,0.0,0.0,0.0,0.0,0.0,0.0,0.0,0.0,0.0,0.0,1980.8938641181373,11.00496591176743,52.33713729026644,399.1473288031831,1.0709902846454822,1.953832939612613,False,Upper_Nile_Flood_Prone,2016-05-02,2016-05-31
Malakal_Port_2017,-0.6430410450215813,2.4189273276411005,-10.322529602673262,0.0,-1.049838643839805,3.94506963446778,-16.593876492371955,0.0,0.0,0.0,2261.3950914831926,12.563306063795514,107.6729297586273,399.1473288031831,1.0709902846454822,1.9325732507395328,False,Upper_Nile_Flood_Prone,2017-06-01,2017-06-30
Malakal_Port_2018,-0.8650022181053391,3.245571678326844,-12.990731780848963,0.0,-1.3589308425771616,5.098840313479393,-20.42175996948916,0.0,0.0,0.0,1178.5538596134438,6.54752144229691,54.69700816219488,399.1473288031831,1.0709902846454822,2.004567854419586,False,Upper_Nile_Flood_Prone,2018-05-02,2018-05-31
Malakal_Port_2019,-0.7632522166133412,2.634434753801257,-10.543424844748126,0.0,-1.2168702191145562,4.199920139143941,-16.988799158212572,0.0,0.0,0.0,6157.000205406893,11.401852232234987,121.32536304861384,399.1473288031831,1.0709902846454822,1.9076348260450837,True,Upper_Nile_Flood_Prone,2019-06-01,2019-08-29
Malakal_Port_2020,-0.5167767101339519,2.10271013848872,-11.372427807313736,0.0,-0.8494574520613399,3.447895456120279,-18.10812208703519,0.0,0.0,0.0,6439.411989669857,8.869713484393742,80.45607832702485,399.1473288031831,1.0709902846454822,1.9252708658515516,True,Upper_Nile_Flood_Prone,2020-07-01,2020-10-29
Malakal_Port_2021,-0.3948729964394466,1.8455105688672067,-10.011302352147633,0.0,-0.6448763778981814,3.0108030974682296,-15.695898491547965,0.0,0.0,0.0,8803.628785204672,8.0619311219823,90.61682868515156,399.1473288031831,1.0709902846454822,2.096277770410724,True,Upper_Nile_Flood_Prone,2021-06-01,2021-11-29
Malakal_Port_2022,0.0,0.0,0.0,0.0,0.0,0.0,0.0,0.0,0.0,0.0,5992.240975558465,9.855659499273791,78.10138898823222,399.14026680166205,1.0733467648285073,0.0,True,Upper_Nile_Flood_Prone,2022-05-01,2022-09-29
Malakal_Port_2023,0.0,0.0,0.0,0.0,0.0,0.0,0.0,0.0,0.0,0.0,5800.187559693941,8.357618962095016,93.46850819477982,399.14026680166205,1.0733467648285073,0.0,True,Upper_Nile_Flood_Prone,2023-06-01,2023-11-30
Malakal_Port_2024,0.0,0.0,0.0,0.0,0.0,0.0,0.0,0.0,0.0,0.0,4002.7306164263773,8.816587260851051,58.53384360403655,399.14026680166205,1.0733467648285073,0.0,True,Upper_Nile_Flood_Prone,2023-12-02,2024-09-29
Mayom_Agricultural_2014,0.0,0.0,0.0,0.0,0.0,0.0,0.0,0.0,0.0,0.0,16097.168492002673,10.590242428949127,115.01688955067975,403.41614596856647,0.9061215758448683,1.2565281536875004,True,Unity_Flood_Prone,2014-05-01,2014-09-29
Mayom_Agricultural_2016,0.0,0.0,0.0,0.0,0.0,0.0,0.0,0.0,0.0,0.0,2896.4637135996336,10.727643383702347,53.493947410171685,403.4183195261221,0.9066611071276677,1.1380622330665504,False,Unity_Flood_Prone,2016-05-02,2016-05-31
Mayom_Agricultural_2017,-1.569006870376739,4.021043044832451,-12.721949468276655,0.0,-2.3729874132593247,6.072731789747767,-18.85005911989099,0.0,0.0,0.0,2209.460804056333,8.183188163171604,53.90660156643022,403.4183195261221,0.9066611071276677,1.049165430794121,False,Unity_Flood_Prone,2017-06-01,2017-06-30
Mayom_Agricultural_2018,-1.5868137836063185,4.054807611371001,-12.314578204031271,0.0,-2.4327083919752104,6.2144404789889105,-18.66281761919502,0.0,0.0,0.0,1709.5401201599807,6.331630074666595,50.32792547248833,403.4183195261221,0.9066611071276677,1.0761675321248545,False,Unity_Flood_Prone,2018-05-02,2018-05-31
Mayom_Agricultural_2019,-1.5662480142226543,3.70708287202401,-12.548047789266276,0.0,-2.695237723623923,6.290410171157204,-18.59920041463389,0.0,0.0,0.0,8861.553245396939,9.846170272663265,59.15209382461486,403.4161459685664,0.9061215758448682,1.3316399223182773,True,Unity_Flood_Prone,2019-06-01,2019-08-29
Mayom_Agricultural_2020,-1.456992058853747,3.360096832484199,-11.824963977619294,0.0,-2.8897234785128907,6.5094242528005335,-18.87848730482326,0.0,0.0,0.0,10043.648089471297,8.300535611133304,68.09429178602596,403.41614596856647,0.9061215758448682,1.4884462181740632,True,Unity_Flood_Prone,2020-07-01,2020-10-29
Mayom_Agricultural_2021,-1.4159691073923657,3.204376376353064,-12.18247307802085,0.0,-3.064209255857544,6.7772057161972885,-19.129621139319525,0.0,0.0,0.0,15620.44163949207,7.80241840134469,78.7673343298279,403.417331545415,0.906415865635486,1.3473706695376397,True,Unity_Flood_Prone,2021-06-01,2021-11-29
Mayom_Agricultural_2022,-0.7931567066405829,2.7880771369307156,-12.402111321683002,0.0,-1.4202225577335224,4.861246813070697,-18.87407451193797,0.0,0.0,0.0,11387.974188833121,10.702983260181504,67.57288551768308,403.4291873139005,0.9093587635416646,0.0,True,Unity_Flood_Prone,2022-05-01,2022-09-29
Mayom_Agricultural_2023,-0.7789679478656354,2.554501650652648,-11.768552412772074,0.0,-1.58274097226127,5.097209336827554,-18.825591203274374,0.0,0.0,0.0,9953.126273713407,8.046181304537921,82.25058185093191,403.4291873139005,0.9093587635416646,0.0,True,Unity_Flood_Prone,2023-06-01,2023-11-30
Mayom_Agricultural_2024,-0.6599726793652216,2.215193077621546,-9.903647909534202,0.0,-1.5489692918751556,5.152820736543086,-20.518311165332943,0.0,0.0,0.0,6716.951051170001,8.221482314773564,95.7951550288802,403.4291873139005,0.9093587635416646,0.0,True,Unity_Flood_Prone,2023-12-02,2024-09-29
Pibor_Highland_2014,0.0,0.0,0.0,0.0,0.0,0.0,0.0,0.0,0.0,0.0,32500.165563644452,11.253519932009851,163.74016552702875,420.8928834922785,1.1267160718939329,1.8004782189453281,True,Jonglei_Flood_Prone,2014-05-01,2014-09-29
Pibor_Highland_2016,0.0,0.0,0.0,0.0,0.0,0.0,0.0,0.0,0.0,0.0,5289.644582891402,9.280078215598952,101.38872309059585,420.8928834922785,1.126716071893933,1.6271594791491801,False,Jonglei_Flood_Prone,2016-05-02,2016-05-31
Pibor_Highland_2017,-1.420961849781855,3.1906648827452835,-9.277781858301491,0.0,-2.3282599773957338,5.218651969774893,-14.685192699262377,0.0,0.0,0.0,4240.114150368573,7.438796755032584,79.27662849045825,420.8928834922785,1.126716071893933,1.7876369664110523,False,Jonglei_Flood_Prone,2017-06-01,2017-06-30
Pibor_Highland_2018,-1.444537436125358,3.249374808443602,-9.478895538609995,0.0,-2.3289631839436677,5.230526455002774,-15.069593887312735,0.0,0.0,0.0,6712.065265698844,11.775553097717271,68.5061986215929,420.8928834922785,1.126716071893933,1.6057253880969213,False,Jonglei_Flood_Prone,2018-05-02,2018-05-31
Pibor_Highland_2019,-1.1508377985669298,2.8067439520616606,-9.067385731165189,0.0,-1.952587845353638,4.75757675634616,-14.778801456427553,0.0,0.0,0.0,17231.0234806684,10.076621918519532,97.08304689112323,420.89288349227854,1.126716071893933,1.8497778974289945,True,Jonglei_Flood_Prone,2019-06-01,2019-08-29
Pibor_Highland_2020,-1.0419646624745251,2.77797757778518,-9.33539829624384,0.0,-1.7421124368949592,4.63546859052975,-14.95628556293873,0.0,0.0,0.0,27842.347151230646,12.110633819587058,105.40142067242168,420.8928834922785,1.126716071893933,1.9142433831634462,True,Jonglei_Flood_Prone,2020-07-01,2020-10-29
Pibor_Highland_2021,-0.9750502190129342,2.7111303365658155,-9.963354534202109,0.0,-1.613400200305095,4.4771564673762985,-15.915450944065517,0.0,0.0,0.0,28109.03566998801,7.722262546700003,102.02374034809499,420.8926567717607,1.126501951956584,1.688915019503011,True,Jonglei_Flood_Prone,2021-06-01,2021-11-29
Pibor_Highland_2022,-0.586310030607654,2.100872048732851,-8.59631466093993,0.0,-0.9880298465616583,3.53967484440382,-14.263570778196662,0.0,0.0,0.0,14834.628176180493,7.507402923168265,82.5383189284583,420.888349081922,1.1224336731469513,0.0,True,Jonglei_Flood_Prone,2022-05-01,2022-09-29
Pibor_Highland_2023,-0.7214822798885356,2.4048048189626297,-10.155036165135588,0.0,-1.1860600898876414,3.9485174132443928,-16.350379216584894,0.0,0.0,0.0,19710.868030110923,8.485091704739958,119.31534658248628,420.888349081922,1.1224336731469513,0.0,True,Jonglei_Flood_Prone,2023-06-01,2023-11-30
Pibor_Highland_2024,-0.7008903168654945,2.3471908207249332,-9.714656191025183,0.0,-1.1523148115142083,3.8541071625311134,-15.49756241644697,0.0,0.0,0.0,10539.101605002696,6.830266756320606,116.3448046720617,420.88834908192206,1.1224336731469513,0.0,True,Jonglei_Flood_Prone,2023-12-02,2024-09-29
Rubkona_Wetland_2014,0.0,0.0,0.0,0.0,0.0,0.0,0.0,0.0,0.0,0.0,15118.700632640295,12.433141967631821,120.96303723841638,396.80529322658003,1.10538180101513,1.058609129821085,True,Unity_Flood_Prone,2014-05-01,2014-09-29
Rubkona_Wetland_2016,0.0,0.0,0.0,0.0,0.0,0.0,0.0,0.0,0.0,0.0,2257.2674020259615,9.40528084177484,36.83295145190331,396.80529322658003,1.10538180101513,1.0783410493137953,False,Unity_Flood_Prone,2016-05-02,2016-05-31
Rubkona_Wetland_2017,-1.3612410904608288,3.4846928596608655,-11.040160990125822,0.0,-2.144477221944577,5.482250740425441,-16.73471455615364,0.0,0.0,0.0,2190.1948556986536,9.12581189874439,78.38678579639053,396.80529322658003,1.10538180101513,1.0544966885870137,False,Unity_Flood_Prone,2017-06-01,2017-06-30
Rubkona_Wetland_2018,-1.5143243767686445,3.869108728080048,-11.540335524136244,0.0,-2.368170272864644,6.051008917150689,-18.073692976775245,0.0,0.0,0.0,1307.1146018548975,5.446310841062073,39.167647988686184,396.80529322658003,1.10538180101513,1.027855485342958,False,Unity_Flood_Prone,2018-05-02,2018-05-31
Rubkona_Wetland_2019,-1.4160196952669573,3.308650169225775,-10.434350128680759,0.0,-2.3052490223772684,5.385226452850761,-16.68605533427797,0.0,0.0,0.0,7410.149379549951,10.29187413826382,74.75996684280439,396.8052932265801,1.10538180101513,1.0079003011733343,True,Unity_Flood_Prone,2019-06-01,2019-08-29
Rubkona_Wetland_2020,-1.4106108480985482,3.181541968234306,-9.96345846335944,0.0,-2.300836104569611,5.181083632258706,-15.603002364186406,0.0,0.0,0.0,8430.504709407685,8.709199079966616,75.86721596377909,396.80529322658003,1.10538180101513,1.0057751903630177,True,Unity_Flood_Prone,2020-07-01,2020-10-29
Rubkona_Wetland_2021,-1.550995150281455,3.4563702344326517,-11.330289825905126,0.0,-2.5483829765740063,5.646604203299073,-17.533749149284155,0.0,0.0,0.0,15434.509516760989,10.600624668105075,88.38180458754654,396.80529322658003,1.10538180101513,1.857353662474784,True,Unity_Flood_Prone,2021-06-01,2021-11-29
Rubkona_Wetland_2022,-0.9205138779101837,3.1485836828044973,-12.606676841408644,0.0,-1.3200032899708007,4.513703707797466,-17.8100457065391,0.0,0.0,0.0,18827.59734546601,24.77315440192896,58.192194925212895,396.8067548375731,1.1057780809686175,0.0,True,Unity_Flood_Prone,2022-05-01,2022-09-29
Rubkona_Wetland_2023,-1.5267560089243561,4.921159250328462,-18.505270954847422,0.0,-2.100849812240912,6.771044355386643,-25.181094142159164,0.0,0.0,0.0,27732.877583154368,26.262194681017395,79.78950686448937,396.8067548375732,1.1057780809686175,0.0,True,Unity_Flood_Prone,2023-06-01,2023-11-30
Rubkona_Wetland_2024,-1.32218931960246,4.398762835517712,-18.167001083130817,0.0,-1.8970911961820742,6.303258382156729,-24.682088651348455,0.0,0.0,0.0,12206.314624019042,17.53780836784345,54.50217699922063,396.8067548375732,1.1057780809686175,0.0,True,Unity_Flood_Prone,2023-12-02,2024-09-29
Twic_East_River_2014,0.0,0.0,0.0,0.0,0.0,0.0,0.0,0.0,0.0,0.0,22868.028221698434,9.40297213063258,82.90835147280697,413.0304635900841,0.8516087253955028,,True,Jonglei_Flood_Prone,2014-05-01,2014-09-29
Twic_East_River_2016,0.0,0.0,0.0,0.0,0.0,0.0,0.0,0.0,0.0,0.0,9246.590106300999,20.54797801400222,122.1334238711573,413.0302744159916,0.8519007603720214,,False,Jonglei_Flood_Prone,2016-05-02,2016-05-31
Twic_East_River_2017,-1.7605813010965508,3.952522027416247,-11.77503981661141,0.0,-2.529733369262101,5.670815056005665,-16.516792706378784,0.0,0.0,0.0,2740.4974895642117,6.089994421253804,81.30204576192097,413.0302744159916,0.8519007603720214,,False,Jonglei_Flood_Prone,2017-06-01,2017-06-30
Twic_East_River_2018,-1.7154243752901652,3.8963618956441395,-11.600745358053146,0.0,-3.171936133181943,7.195888579711129,-21.379563263178934,0.0,0.0,0.0,5204.390003172521,10.842479173276084,80.87489496871461,413.0304635900841,0.8516087253955027,,False,Jonglei_Flood_Prone,2018-05-02,2018-05-31
Twic_East_River_2019,-1.413507035018682,3.4667742478069354,-11.999560225930837,0.0,-2.2763559455701876,5.5762109875089845,-19.574060616313485,0.0,0.0,0.0,17681.608191812033,12.278894577647245,110.17358091635681,413.0304635900841,0.8516087253955027,,True,Jonglei_Flood_Prone,2019-06-01,2019-08-29
Twic_East_River_2020,-1.0557665320167198,2.8163107952998847,-9.667448968716824,0.0,-1.749880310933886,4.654710104773899,-14.887534328351355,0.0,0.0,0.0,21032.37672183355,10.863830951360304,91.54139415366339,413.0304635900841,0.8516087253955028,2.0,True,Jonglei_Flood_Prone,2020-07-01,2020-10-29
Twic_East_River_2021,-1.2084256722117104,3.360564084328208,-12.189766184525679,0.0,-1.7817909858804613,4.95023920380409,-18.78451536065322,0.0,0.0,0.0,22921.393386651427,7.871357619042386,97.49249666646861,413.03046359008414,0.8516087253955027,1.0,True,Jonglei_Flood_Prone,2021-06-01,2021-11-29
Twic_East_River_2022,-0.6903880807143465,2.4751281514471715,-10.382989513794557,0.0,-1.0670751405157686,3.8233324642886184,-15.388304758112062,0.0,0.0,0.0,14664.332183677732,9.647586962945876,55.92388445554684,413.02876102325155,0.8542370401841715,0.0,True,Jonglei_Flood_Prone,2022-05-01,2022-09-29
Twic_East_River_2023,-0.8496861219905523,2.8734239135999635,-12.991036549174343,0.0,-1.2863551776875932,4.308602463336168,-20.012889369453237,0.0,0.0,0.0,14134.834867690182,7.940918464994485,71.34420112560304,413.02876102325155,0.8542370401841715,0.0,True,Jonglei_Flood_Prone,2023-06-01,2023-11-30
Twic_East_River_2024,-0.8181568575887421,2.7526871115535374,-11.223417513296393,0.0,-1.2074712086026214,4.049807113426736,-16.461152984986054,0.0,0.0,0.0,8829.752541552436,7.482841136908844,82.47581931449929,413.02876102325155,0.8542370401841715,0.0,True,Jonglei_Flood_Prone,2023-12-02,2024-09-29
Ulang_Remote_2019,-1.6936387464472669,4.150892185383045,-13.883111013448639,0.0,-2.6254520870099265,6.441162300301859,-22.345185083193844,0.0,0.0,0.0,3185.7680397782,11.799140888067408,106.34833548369348,403.8268479258143,0.9009164686324418,1.8578556616364874,True,Upper_Nile_Flood_Prone,2019-06-01,2019-08-29
Ulang_Remote_2020,-1.1784480353733313,3.2346436830281786,-12.448014230849322,0.0,-1.99934025022859,5.337436129830687,-18.149376383097266,0.0,0.0,0.0,3532.0459085632274,9.730154018080515,90.68693757182622,403.82684792581426,0.9009164686324418,1.929286891686325,True,Upper_Nile_Flood_Prone,2020-07-01,2020-10-29
Ulang_Remote_2021,-1.146007496790192,3.2349020334259655,-14.135976418477577,0.0,-1.829143580795054,5.1025317790913265,-20.046006395111696,0.0,0.0,0.0,4759.475072143087,8.716987311617377,92.70700643704288,403.8268479258143,0.9009164686324418,1.6443992459140693,True,Upper_Nile_Flood_Prone,2021-06-01,2021-11-29
Ulang_Remote_2022,-0.7662317981398045,2.8090721437505572,-14.003661424057917,0.0,-1.2420378851077087,4.473562465450721,-20.029628229142453,0.0,0.0,0.0,3070.9457823295616,10.1017953366104,80.04799679192655,403.825366296258,0.9036164288168005,0.0,True,Upper_Nile_Flood_Prone,2022-05-01,2022-09-29
Ulang_Remote_2023,-0.9151141697500826,3.037060113461735,-14.807718883346983,0.0,-1.4404604195253667,4.726119715271432,-21.321237826101687,0.0,0.0,0.0,2943.690779018177,9.74732046032509,97.99890509875229,403.825366296258,0.9036164288168004,0.0,True,Upper_Nile_Flood_Prone,2023-06-01,2023-10-29
Ulang_Remote_2024,-0.866732465278816,3.031444735402036,-13.742060922321325,0.0,-1.275834645233731,4.448633272997653,-19.464215120047143,0.0,0.0,0.0,2063.067470654424,11.335535553046286,88.47284179415674,403.825366296258,0.9036164288168004,0.0,True,Upper_Nile_Flood_Prone,2024-07-01,2024-09-29
