latitude,longitude,label,sar_change,pre_flood_precipitation,sar_difference,water_occurrence,annual_precipitation,sar_after,flood_season_precipitation,upstream_precipitation,sar_before,elevation
6.21,31.56,1.0,-0.1877703510636764,-0.4437983487245556,-0.1155472954273531,91.19156492820272,-5.325580184694667,-0.005725752654553398,-0.46266547533119884,-0.5325580184694667,0.18204459840912302,1.665086704591216
6.21,31.56,1.0,-0.5130654121466636,0.4632565750237158,0.3534573220017923,91.19156492820272,5.5590789002845895,0.1556551220293761,0.6889201101039888,0.555907890028459,0.6687205341760396,1.665086704591216
6.21,31.56,1.0,-0.815609895756626,0.1091908243954025,0.136659476874235,91.19156492820272,1.3102898927448299,-0.3126017892331969,4.813537024472463,0.13102898927448298,0.5030081065234291,1.665086704591216
6.21,31.56,1.0,0.12810759884375442,0.7043660764075157,0.3060182464200912,91.19156492820272,8.452392916890188,0.28854278308599113,0.23997925310950138,0.8452392916890188,0.1604351842422367,1.665086704591216
6.21,31.56,1.0,-0.33401380523374863,0.1253148033935823,0.2963067474818446,91.19156492820272,1.5037776407229877,0.27507860626719444,-0.5612804725855776,0.15037776407229878,0.6090924115009431,1.665086704591216
6.21,31.56,1.0,-0.9797495577159433,-0.4083332283704656,0.486613800810481,91.19156492820272,-4.899998740445588,0.21540030443476155,-0.7878546143646687,-0.4899998740445587,1.1951498621507048,1.665086704591216
6.21,31.56,1.0,1.9371407877527964,0.6493497980603107,0.351617150740268,91.19156492820272,7.792197576723728,1.2138481327556874,-1.2539477001126724,0.7792197576723728,-0.723292654997109,1.665086704591216
6.21,31.56,0.0,-0.7563991338859226,-0.902302480542004,0.2480019211242418,91.19156492820272,-10.827629766504048,-0.12194362347850363,-2.644697169956853,-1.0827629766504048,0.634455510407419,1.665086704591216
6.21,31.56,0.0,-0.956323476488818,-0.2600889171946812,0.6286186007813245,91.19156492820272,-3.1210670063361743,0.0010567268422193021,0.3848813972268894,-0.3121067006336174,0.9573802033310372,1.665086704591216
6.21,31.56,0.0,-4.47800171663601,-0.609334036773816,-0.3968503828052999,91.19156492820272,-7.312008441285792,-2.690565996133491,-1.3480676386629915,-0.7312008441285792,1.7874357205025189,1.665086704591216
6.21,31.56,0.0,-1.383311458290817,-1.967009363077585,-1.2643340954011466,91.19156492820272,-23.60411235693102,-1.3965891004191335,-5.260972957802125,-2.360411235693102,-0.013277642128316502,1.665086704591216
6.21,31.56,0.0,-1.0859758158440145,-1.967009363077585,-0.5423726480007535,91.19156492820272,-23.60411235693102,-0.8545577686742207,-5.473977349269206,-2.360411235693102,0.23141804716979375,1.665086704591216
6.19,31.58,1.0,-0.7185368214332034,-0.4389684744797901,-0.0826007114799683,42.77017381545011,-5.267621693757481,-0.26337266915924973,-0.0782814713488602,-0.526762169375748,0.4551641522739537,1.8313488625790544
6.19,31.58,1.0,-0.33182380854646826,0.4961928679023615,0.3035987165029328,42.77017381545011,5.954314414828338,0.2661298283211761,0.7266306387199161,0.5954314414828338,0.5979536368676444,1.8313488625790544
6.19,31.58,1.0,-1.143506632302456,0.0957852366295673,0.2220982579311296,42.77017381545011,1.1494228395548076,-0.3252163352038092,4.850552487163034,0.11494228395548076,0.8182902970986469,1.8313488625790544
6.19,31.58,1.0,-0.027136509858320168,0.7840189432186084,0.4194687854873541,42.77017381545011,9.4082273186233,0.392630821264812,0.12382194778597891,0.9408227318623301,0.4197673311231322,1.8313488625790544
6.19,31.58,1.0,-0.8455940650144541,0.1402702361699373,0.6551188416415789,42.77017381545011,1.6832428340392478,0.29747391121344957,-0.23738341098681842,0.16832428340392477,1.1430679762279037,1.8313488625790544
6.19,31.58,1.0,-0.9092314347351802,-0.4036788974748138,0.6518834868447276,42.77017381545011,-4.844146769697765,0.3448194136810887,-0.5859775653379845,-0.4844146769697765,1.254050848416269,1.8313488625790544
6.19,31.58,1.0,1.3392538886326568,0.6517079453116241,0.4644377144249235,42.77017381545011,7.8204953437394895,1.0377130416420026,-0.3615690529659945,0.782049534373949,-0.3015408469906542,1.8313488625790544
6.19,31.58,0.0,-0.6032229052193503,-0.8731032004165953,0.2975221583321186,42.77017381545011,-10.477238404999143,-0.0188532157892361,-2.089961891974461,-1.0477238404999143,0.5843696894301142,1.8313488625790544
6.19,31.58,0.0,-0.5197403566485654,-0.25354642148175,0.6330240403400683,42.77017381545011,-3.042557057781,0.2278692228624889,0.8013741010247036,-0.30425570577809996,0.7476095795110543,1.8313488625790544
6.19,31.58,0.0,-4.47800171663601,-0.6225654425486007,-1.040409507056906,42.77017381545011,-7.470785310583208,-3.243771230694306,-1.2880969637493547,-0.7470785310583208,1.234230485941704,1.8313488625790544
6.19,31.58,0.0,-1.6793213220800274,-1.967009363077585,-2.1551385446819182,42.77017381545011,-23.60411235693102,-2.040616796189773,-5.346338894912591,-2.360411235693102,-0.36129547410974594,1.8313488625790544
6.19,31.58,0.0,-0.9868837812436237,-1.967009363077585,-0.9687200625054468,42.77017381545011,-23.60411235693102,-1.1048986924430535,-5.473977349269206,-2.360411235693102,-0.1180149111994298,1.8313488625790544
7.73,31.08,1.0,0.6213385615144986,-0.0563277810528779,-2.309548977245643,-108.07950460497071,-0.6759333726345348,-2.0534823690436887,-0.5180567240079417,-0.06759333726345347,-2.6748209305581874,-0.0404391246776602
7.73,31.08,1.0,1.1399744379263952,0.8446036115844135,-1.211672102113274,-108.07950460497071,10.135243339012963,1.231498976272102,-0.5795982633464841,1.0135243339012963,0.09152453834570695,-0.0404391246776602
7.73,31.08,1.0,-1.702216179670441,0.6786112805979165,-0.6506745658226458,-108.07950460497071,8.143335367174998,0.8498883184400186,-0.576835681427868,0.8143335367174999,2.5521044981104595,-0.0404391246776602
7.73,31.08,1.0,-0.3289996752454174,0.9400057229974454,-0.3232412041217423,-108.07950460497071,11.280068675969346,2.3642422847927422,-1.085894420421257,1.1280068675969346,2.6932419600381596,-0.0404391246776602
7.73,31.08,1.0,0.7971215381699519,0.2762259710683189,0.8073033380125599,-108.07950460497071,3.314711652819827,2.927302891500427,-0.45453349854187197,0.33147116528198267,2.130181353330475,-0.0404391246776602
7.73,31.08,1.0,1.503843189606374,-0.0973372071918569,-0.2609307162721656,-108.07950460497071,-1.1680464863022828,-0.41862450526590944,-0.1440115947056826,-0.11680464863022827,-1.9224676948722834,-0.0404391246776602
7.73,31.08,1.0,1.1648692320918794,1.0400450358779998,-0.59871412277537,-108.07950460497071,12.480540430535997,-0.09424006739360846,0.9539122762595043,1.2480540430535998,-1.259109299485488,-0.0404391246776602
7.73,31.08,0.0,0.03039349245924905,-0.2090554189907087,-0.0802333647398525,-108.07950460497071,-2.5086650278885045,-1.0821995167834846,-1.1933752747332236,-0.2508665027888504,-1.1125930092427336,-0.0404391246776602
7.73,31.08,0.0,1.0805329238377843,-0.0228892037199122,-0.2445848142521171,-108.07950460497071,-0.2746704446389464,-0.8691248209987578,-0.2394114700292376,-0.027467044463894637,-1.949657744836542,-0.0404391246776602
7.73,31.08,0.0,-4.47800171663601,-0.3580410857490916,1.006727599781648,-108.07950460497071,-4.296493028989099,-2.1842503203522634,-0.1828932318163029,-0.4296493028989099,2.2937513962837466,-0.0404391246776602
7.73,31.08,0.0,-1.6969968380647438,-1.967009363077585,-1.6247059121248488,-108.07950460497071,-23.60411235693102,-2.160951079215873,-5.473977349269206,-2.360411235693102,-0.46395424115112915,-0.0404391246776602
7.73,31.08,0.0,-1.9075900861994142,-1.967009363077585,-1.630317111276796,-108.07950460497071,-23.60411235693102,-1.7328297124760956,-5.473977349269206,-2.360411235693102,0.17476037372331843,-0.0404391246776602
6.8,33.13,1.0,-1.7967245056059191,-0.2607881866312738,1.3706213505402385,-49.461232210279036,-3.1294582395752855,0.03339215521405048,5.954473626621139,-0.3129458239575285,1.8301166608199697,0.9419176661490392
6.8,33.13,1.0,-1.0241652846769473,0.987856168651414,1.091673663969545,-49.461232210279036,11.854274023816968,0.2049520168681187,4.369716494132172,1.1854274023816969,1.229117301545066,0.9419176661490392
6.8,33.13,1.0,-1.8063323791558814,1.0379393412353404,1.574531202694445,-49.461232210279036,12.455272094824085,0.29885430801802815,5.954473626621139,1.2455272094824084,2.1051866871739096,0.9419176661490392
6.8,33.13,1.0,-0.39666046759419726,0.6506782690982167,1.295165496074786,-49.461232210279036,7.8081392291786,0.6645434103418663,2.1810828384912027,0.78081392291786,1.0612038779360635,0.9419176661490392
6.8,33.13,1.0,0.6324770198368609,0.9210342214263004,1.123527801935127,-49.461232210279036,11.052410657115605,1.0101454677527357,3.9358976795103238,1.1052410657115606,0.37766844791587484,0.9419176661490392
6.8,33.13,1.0,-1.6671047841106796,0.0907705966403942,1.7193607122184722,-49.461232210279036,1.0892471596847304,0.5152309653471131,5.714349345444504,0.10892471596847304,2.182335749457793,0.9419176661490392
6.8,33.13,1.0,-0.39596114589698234,1.0912158444511304,0.8634819729923491,-49.461232210279036,13.094590133413565,0.32598396273602365,2.614624170540926,1.3094590133413564,0.721945108633006,0.9419176661490392
6.8,33.13,0.0,-1.8472473061586527,-0.6247427866361074,1.4213688823760502,-49.461232210279036,-7.496913439633289,-0.06779079337478877,1.8434629056899707,-0.7496913439633288,1.779456512783864,0.9419176661490392
6.8,33.13,0.0,-1.3955292425798005,-0.1411574460727565,1.6309526740338731,-49.461232210279036,-1.6938893528730778,0.35124952604795157,0.8518333604786733,-0.16938893528730778,1.746778768627752,0.9419176661490392
6.8,33.13,0.0,-3.738353382211691,-0.2592462230741651,1.1532261478208825,-49.461232210279036,-3.1109546768899814,-1.1603096431653415,2.3441536818548014,-0.31109546768899815,2.5780437390463495,0.9419176661490392
6.8,33.13,0.0,-2.621910110683576,-1.967009363077585,-0.0153815799978238,-49.461232210279036,-23.60411235693102,-1.309421077896858,-5.473977349269206,-2.360411235693102,1.3124890327867178,0.9419176661490392
6.8,33.13,0.0,-1.3483656626958664,-1.967009363077585,0.4660993949967609,-49.461232210279036,-23.60411235693102,-0.41710739518256734,-5.473977349269206,-2.360411235693102,0.9312582675132991,0.9419176661490392
7.28,31.73,1.0,2.670932466521622,-0.1278065780422504,0.1791957602975532,-83.89765346791941,-1.533678936507005,0.8260742294384811,1.030370329333743,-0.15336789365070047,-1.8448582370831408,0.6301215802596787
7.28,31.73,1.0,0.9811565332064182,0.7427299675664896,0.4308426640446665,-17.38207821390811,8.912759610797874,0.876728115461206,0.44350240792869744,0.8912759610797875,-0.10442841774521217,0.6301215802596787
7.28,31.73,1.0,4.5365859502627375,0.714604432469904,-0.1293066199022761,-17.38207821390811,8.575253189638849,2.229011908904692,1.8715099533937138,0.8575253189638848,-2.3075740413580457,0.6301215802596787
7.28,31.73,1.0,1.83014562619535,0.7805926314785833,0.847865170968769,3.41976870908005,9.367111577743,1.2878225854234282,2.6473005125831532,0.9367111577742999,-0.5423230407719217,0.6301215802596787
7.28,31.73,1.0,2.217169198842054,0.4441506415431975,0.8744034557220486,32.94814525142605,5.32980769851837,2.882454423598615,1.241063813431298,0.532980769851837,0.6652852247565606,0.6301215802596787
7.28,31.73,1.0,4.010875223392018,-0.1000968204549288,0.0329852873480472,-95.3355928212828,-1.2011618454591457,4.079289285070905,1.5734254194008117,-0.12011618454591456,0.06841406167888708,0.6301215802596787
7.28,31.73,1.0,0.4897337771389899,0.8538136638070759,0.0756847099134072,-57.23629212054282,10.245763965684912,1.1968302269603917,-0.5867676866030862,1.024576396568491,0.7070964498214017,0.6301215802596787
7.28,31.73,0.0,-0.7646318778007033,-0.2830973968456529,0.5034373233266672,-14.60804605637519,-3.3971687621478344,-0.6629789463669011,3.3712879928902493,-0.33971687621478347,0.10165293143380211,0.6301215802596787
7.28,31.73,0.0,3.3979239544496234,-0.1575439506025794,-0.1379056259994701,-78.45660548322157,-1.8905274072309526,1.0000041466345193,0.9578527834921111,-0.18905274072309527,-2.397919807815104,0.6301215802596787
7.28,31.73,0.0,-4.47800171663601,-0.1612948185831602,-0.9527398932836644,-78.45660548322157,-1.9355378229979223,-3.1904964196504904,0.8142949388426466,-0.19355378229979223,1.2875052969855196,0.6301215802596787
7.28,31.73,0.0,-2.1577839216022685,-1.967009363077585,-2.309548977245643,-16.64742231276301,-23.60411235693102,-3.3173822655895897,-5.473977349269206,-2.360411235693102,-1.1595983439873214,0.6301215802596787
7.28,31.73,0.0,0.009436866981554104,-1.967009363077585,0.0842942174316106,-47.55201389799228,-23.60411235693102,-1.3391952128082132,-5.473977349269206,-2.360411235693102,-1.3486320797897673,0.6301215802596787
7.68,33.17,1.0,-1.9636074582031713,0.1871768223912238,0.7135207143792337,64.57053631407544,2.2461218686946856,-1.3039253917103253,5.954473626621139,0.22461218686946854,0.659682066492846,0.3265535932168797
7.68,33.17,1.0,1.657841921584196,0.9906781605795056,0.3523523134225352,-82.10494882981314,11.888137926954068,0.3978701281416358,2.337090770396509,1.1888137926954068,-1.2599717934425603,0.3265535932168797
7.68,33.17,1.0,-1.5256454525737653,1.7106168944231843,1.0707212365881027,-2.19182428018787,20.527402733078212,-0.3584815260256775,5.316268331750589,2.0527402733078213,1.1671639265480878,0.3265535932168797
7.68,33.17,1.0,0.20881297700057877,0.7834820969529263,0.5988214448141642,25.58050296139493,9.401785163435115,-0.2212285966670351,4.29511440955831,0.9401785163435115,-0.43004157366761386,0.3265535932168797
7.68,33.17,1.0,-1.4747816311821587,1.1274216259505287,1.4813384105555627,-69.64675217170016,13.529059511406345,0.41142330417648354,5.260023969185935,1.3529059511406345,1.8862049353586423,0.3265535932168797
7.68,33.17,1.0,-0.16531499332305877,0.8104998647021117,0.6460028993459274,25.58050296139493,9.72599837642534,0.2776875875237308,3.3373871573413085,0.972599837642534,0.44300258084678956,0.3265535932168797
7.68,33.17,1.0,1.166288339454027,1.3476262623673014,-0.0982681176603744,8.22585776842594,16.171515148407618,0.3638236281875157,3.198655762236718,1.6171515148407616,-0.8024647112665114,0.3265535932168797
7.68,33.17,0.0,-1.1603419573594198,-0.4358126695655294,0.571833388850307,32.776464151987476,-5.229752034786353,-0.8289002488540932,2.875115468740468,-0.5229752034786352,0.3314417085053266,0.3265535932168797
7.68,33.17,0.0,-1.1763449989783235,0.0939560688496885,0.6514632114518574,13.3098119201216,1.127472826196262,-1.5015737629563475,0.7770723685015912,0.1127472826196262,-0.3252287639780239,0.3265535932168797
7.68,33.17,0.0,-4.47800171663601,0.0054207353902867,0.7980879900739116,-25.52091802045696,0.06504882468344039,-0.7323046907324049,4.451465528630845,0.00650488246834404,3.7456970259036053,0.3265535932168797
7.68,33.17,0.0,2.153131079001138,-1.967009363077585,-2.309548977245643,-30.653628835168316,-23.60411235693102,-0.39167567677607384,-5.473977349269206,-2.360411235693102,-2.544806755777212,0.3265535932168797
7.68,33.17,0.0,3.5147037366613554,-1.967009363077585,0.5268706021297548,-78.45660548322157,-23.60411235693102,1.7889330833235644,-5.473977349269206,-2.360411235693102,-1.725770653337791,0.3265535932168797
9.23,29.82,1.0,2.1903333398664184,0.0099646106395372,-2.309548977245643,-50.88980783815374,0.1195753276744464,-1.2689849798677286,-1.7576139625193226,0.011957532767444639,-3.4593183197341473,-0.9452744477313944
9.23,29.82,1.0,1.0112591243198974,1.2849322168435844,-2.309548977245643,-50.88980783815374,15.419186602123013,-1.8585220876409894,-0.5001082520221786,1.5419186602123012,-2.8697812119608868,-0.9452744477313944
9.23,29.82,1.0,0.8331804696552474,0.8368758816374032,-0.5984597949392165,-50.88980783815374,10.04251057964884,-0.15144067283009144,2.808472781215992,1.0042510579648838,-0.9846211424853388,-0.9452744477313944
9.23,29.82,1.0,1.470880177060732,1.1401000967414443,1.1858123774334275,-50.88980783815374,13.68120116089733,1.8742311392840105,-1.136045811418239,1.3681201160897332,0.4033509622232785,-0.9452744477313944
9.23,29.82,1.0,-0.5315766714566539,0.1431215909883881,1.5835382598608276,-50.88980783815374,1.7174590918606571,0.5650082883539709,0.00020805734738163284,0.1717459091860657,1.0965849598106248,-0.9452744477313944
9.23,29.82,1.0,-1.1946233726403803,0.1049564293703594,1.139772134897849,-50.88980783815374,1.2594771524443127,-0.09736989754869807,0.8693712093626202,0.12594771524443127,1.0972534750916823,-0.9452744477313944
9.23,29.82,1.0,1.1561155751757068,1.8118792970047195,-0.1803915524538657,-50.88980783815374,21.742551564056633,0.2098426621470844,-0.4507684553974902,2.174255156405663,-0.9462729130286225,-0.9452744477313944
9.23,29.82,0.0,0.891568325073195,-0.0033166771640744,0.3841055317251209,-50.88980783815374,-0.0398001259688928,0.2835375832978132,1.018724435663965,-0.00398001259688928,-0.6080307417753817,-0.9452744477313944
9.23,29.82,0.0,-0.3668197352051028,0.5436685355270611,0.6158763102026727,-50.88980783815374,6.524022426324732,-0.4179315985201067,-0.6279105714260367,0.6524022426324733,-0.05111186331500389,-0.9452744477313944
9.23,29.82,0.0,-4.47800171663601,-0.1421997734080186,0.5834098642184558,-50.88980783815374,-1.7063972808962231,-2.36338044464508,-0.2256256815767709,-0.1706397280896223,2.11462127199093,-0.9452744477313944
9.23,29.82,0.0,0.7532830221658677,-1.967009363077585,-2.309548977245643,-50.88980783815374,-23.60411235693102,-1.9875101387180043,-5.473977349269206,-2.360411235693102,-2.740793160883872,-0.9452744477313944
9.23,29.82,0.0,0.42649582525129137,-1.967009363077585,-2.309548977245643,-50.88980783815374,-23.60411235693102,-2.1509037371752924,-5.473977349269206,-2.360411235693102,-2.5773995624265837,-0.9452744477313944
8.3,30.15,1.0,1.913055066599911,0.2184802778996202,-0.7361773955982353,-95.44327051856618,2.6217633347954425,1.4408140252015058,1.2827906801286781,0.2621763334795442,-0.47224104139840534,-1.0083866615342203
8.3,30.15,1.0,0.6676316439458794,1.114889868190767,-0.1824857256803453,-95.44327051856618,13.378678418289205,0.3168200564758542,0.45043469107305145,1.3378678418289205,-0.35081158747002517,-1.0083866615342203
8.3,30.15,1.0,2.409562758485998,0.6016826157282128,-1.1028849347868406,-95.44327051856618,7.220191388738554,0.7431941212871058,0.38225155970865,0.7220191388738554,-1.6663686371988924,-1.0083866615342203
8.3,30.15,1.0,1.1958561347864585,0.9907078295071294,0.0669637986899804,-95.44327051856618,11.888493954085554,1.4249035434138988,0.2983823865186687,1.1888493954085553,0.22904740862744044,-1.0083866615342203
8.3,30.15,1.0,3.0938966128833054,0.4657644711109416,-0.1366070732461934,-95.44327051856618,5.589173653331299,2.1859521484716202,2.4419279724873593,0.5589173653331299,-0.9079444644116851,-1.0083866615342203
8.3,30.15,1.0,1.3013688646647898,0.419438746700732,-1.0652232424378485,-95.44327051856618,5.0332649604087845,-0.34450245148902225,0.5308298523578417,0.5033264960408784,-1.645871316153812,-1.0083866615342203
8.3,30.15,1.0,1.1561155751757068,1.5580156749023115,-0.1803915524538657,-95.44327051856618,18.69618809882774,0.2098426621470844,2.117952825690635,1.8696188098827737,-0.9462729130286225,-1.0083866615342203
8.3,30.15,0.0,0.42195558171680914,0.2548305116513021,0.0394373990673062,-95.44327051856618,3.0579661398156253,0.029046845198266308,-0.10505316755057009,0.3057966139815625,-0.39290873651854286,-1.0083866615342203
8.3,30.15,0.0,0.9974018211950103,0.4322642761439788,0.1526663983183185,-95.44327051856618,5.187171313727745,-0.2031742774083164,2.4418628119192087,0.5187171313727745,-1.2005760986033267,-1.0083866615342203
8.3,30.15,0.0,-3.761371079729922,0.2230055963957098,-0.5754601880271206,-95.44327051856618,2.6760671567485175,-2.183839974768387,0.1916087196566697,0.2676067156748517,1.5775311049615346,-1.0083866615342203
8.3,30.15,0.0,-0.1983259996842599,-1.967009363077585,-1.1263826343964125,-95.44327051856618,-23.60411235693102,-1.1004261041748684,-5.473977349269206,-2.360411235693102,-0.9021001044906085,-1.0083866615342203
8.3,30.15,0.0,-0.6860843573598208,-1.967009363077585,-0.3484894626435547,-95.44327051856618,-23.60411235693102,-0.9177283138183061,-5.473977349269206,-2.360411235693102,-0.23164395645848534,-1.0083866615342203
8.9,28.6,1.0,1.7015940990082379,-0.3772567634218284,-1.2594409756073237,-63.33139299794367,-4.527081161061941,2.6788161481147617,1.3832184881845913,-0.45270811610619405,0.9772220491065238,-0.4342710687531758
8.9,28.6,1.0,3.11145235212357,0.7622431526144979,-0.6670097698344485,-63.33139299794367,9.146917831373976,2.663511348838282,-1.7401682465799153,0.9146917831373975,-0.4479410032852882,-0.4342710687531758
8.9,28.6,1.0,4.086141861167984,0.5060893153572069,-0.2453388023445395,-63.33139299794367,6.073071784286483,2.1767783814410815,-0.0059930960925417,0.6073071784286482,-1.9093634797269021,-0.4342710687531758
8.9,28.6,1.0,3.1294332636111104,0.6254567900514866,-1.091869442320781,-63.33139299794367,7.5054814806178385,3.4610877974519845,-0.6192950948916477,0.7505481480617838,0.33165453384087384,-0.4342710687531758
8.9,28.6,1.0,4.237815739621459,-0.2076734353947932,-0.5357925775114605,-63.33139299794367,-2.492081224737518,3.283149314483404,-0.5555951792740056,-0.24920812247375182,-0.9546664251380546,-0.4342710687531758
8.9,28.6,1.0,3.1699960423284717,0.066605211362102,-0.1509738559042203,-63.33139299794367,0.7992625363452239,1.813730693340754,-2.4714757492419133,0.0799262536345224,-1.3562653489877177,-0.4342710687531758
8.9,28.6,1.0,0.7980711741234674,0.9192564628123028,0.1242285829973363,-63.33139299794367,11.031077553747632,1.0951979261592115,1.6688045106622593,1.1031077553747632,0.2971267520357441,-0.4342710687531758
8.9,28.6,0.0,0.5678404679469484,0.3101629846501944,0.1301028368130023,-63.33139299794367,3.7219558158023327,-0.020208606854977273,-0.5700278049186709,0.37219558158023325,-0.5880490748019257,-0.4342710687531758
8.9,28.6,0.0,3.0103662456592173,0.0787631361001938,-0.1271467012839039,-63.33139299794367,0.9451576332023255,2.2627346294104114,0.37359994952771824,0.09451576332023255,-0.7476316162488059,-0.4342710687531758
8.9,28.6,0.0,-4.47800171663601,-0.191376580244284,0.2307019958439428,-63.33139299794367,-2.2965189629314082,-1.465541149914083,-0.7362343213499124,-0.22965189629314078,3.012460566721927,-0.4342710687531758
8.9,28.6,0.0,-1.0975313415489802,-1.967009363077585,0.2586579518244417,-63.33139299794367,-23.60411235693102,0.19863808873647126,-5.473977349269206,-2.360411235693102,1.2961694302854516,-0.4342710687531758
8.9,28.6,0.0,-0.6741412677686287,-1.967009363077585,-0.5213303827679883,-63.33139299794367,-23.60411235693102,0.9802979271692418,-5.473977349269206,-2.360411235693102,1.6544391949378705,-0.4342710687531758
9.3,29.7,1.0,0.9599009854449412,-0.0827398585389829,-2.309548977245643,-102.9782180812228,-0.9928783024677947,-1.8842011570784674,-1.3286739519617847,-0.09928783024677948,-2.8441021425234085,-0.9894056978165148
9.3,29.7,1.0,1.295510380006915,1.0462133799426745,-2.309548977245643,-102.9782180812228,12.554560559312094,-1.7163964597974806,0.033944584728652805,1.2554560559312093,-3.0119068398043956,-0.9894056978165148
9.3,29.7,1.0,-0.9117954690133305,0.604910191960765,0.2207545513619288,-102.9782180812228,7.2589223035291806,-1.1987076754296162,0.6995342383838985,0.7258922303529179,-0.28691220641628573,-0.9894056978165148
9.3,29.7,1.0,1.0075060801359474,1.0607804849820746,1.248326408719369,-102.9782180812228,12.729365819784896,1.3195512751831084,0.570027404966907,1.2729365819784895,0.3120451950471609,-0.9894056978165148
9.3,29.7,1.0,-1.3262844249576355,0.0478540470344538,1.631719627409691,-102.9782180812228,0.5742485644134456,0.3718663136645306,-0.9685054897136403,0.057424856441344554,1.6981507386221661,-0.9894056978165148
9.3,29.7,1.0,-1.5715768732245028,-0.011547615042393,1.271504464589975,-102.9782180812228,-0.13857138050871598,0.024101268457837,0.6530565082597425,-0.013857138050871598,1.5956781416823398,-0.9894056978165148
9.3,29.7,1.0,1.1561155751757068,1.668443028454565,-0.1803915524538657,-102.9782180812228,20.02131634145478,0.2098426621470844,0.4007954219356464,2.002131634145478,-0.9462729130286225,-0.9894056978165148
9.3,29.7,0.0,-0.8367359859977694,-0.1354963235880013,1.1820774895735542,-102.9782180812228,-1.6259558830560155,0.26941336715777425,1.1020703373299343,-0.16259558830560153,1.1061493531555437,-0.9894056978165148
9.3,29.7,0.0,-1.1197202424045185,0.472577376075996,1.549569844540399,-102.9782180812228,5.670928512911952,0.2930599841116761,-0.6552091124475471,0.5670928512911951,1.4127802265161946,-0.9894056978165148
9.3,29.7,0.0,-4.47800171663601,-0.2165312131155913,1.5647090746672712,-102.9782180812228,-2.5983745573870953,-1.4190815709430515,-2.112078738697213,-0.25983745573870953,3.0589201456929587,-0.9894056978165148
9.3,29.7,0.0,0.4369914365196266,-1.967009363077585,-2.309548977245643,-102.9782180812228,-23.60411235693102,-2.1456559315411248,-5.473977349269206,-2.360411235693102,-2.5826473680607513,-0.9894056978165148
9.3,29.7,0.0,0.2832838928057493,-1.967009363077585,-2.309548977245643,-102.9782180812228,-23.60411235693102,-2.2225097033980634,-5.473977349269206,-2.360411235693102,-2.5057935962038127,-0.9894056978165148
9.53,31.66,1.0,-1.1025058387247637,-0.2113366643262887,-0.0005187761580719,189.55365102998726,-2.5360399719154643,-0.9869712372832731,-1.1883082333103268,-0.2536039971915464,0.11553460144149058,-0.7368844047375087
9.53,31.66,1.0,0.9305420667216379,0.4978708325005574,0.6467116889779952,189.55365102998726,5.974449990006689,1.0721568656536928,-1.3288653446081913,0.5974449990006688,0.14161479893205497,-0.7368844047375087
9.53,31.66,1.0,1.7731204863289833,0.7876081079385894,0.4788451118542495,189.55365102998726,9.451297295263073,1.037425953959493,0.5765106656761596,0.9451297295263072,-0.7356945323694905,-0.7368844047375087
9.53,31.66,1.0,-0.9477906943562822,0.4376049560110635,1.026940411752313,189.55365102998726,5.2512594721327615,0.159128829892341,0.883229963470255,0.5251259472132761,1.1069195242486232,-0.7368844047375087
9.53,31.66,1.0,-0.492643682994393,0.0832934008835087,1.0719727125625431,189.55365102998726,0.9995208106021044,0.4958835932392598,-1.116819483771207,0.09995208106021043,0.9885272762336528,-0.7368844047375087
9.53,31.66,1.0,-0.788981259610898,-0.257074344921676,0.4054185548685567,189.55365102998726,-3.0848921390601123,-0.13257381619824377,-1.2941496487689699,-0.3084892139060112,0.6564074434126543,-0.7368844047375087
9.53,31.66,1.0,0.10382088977272974,1.0689892311458646,0.8416383513401512,189.55365102998726,12.827870773750377,0.538851600557853,-0.029987832372380098,1.2827870773750376,0.43503071078512323,-0.7368844047375087
9.53,31.66,0.0,-0.016662460199782625,-0.4413492034149822,-0.1903178532855031,189.55365102998726,-5.296190440979786,-0.1935488931401244,-1.77196781531693,-0.5296190440979786,-0.1768864329403418,-0.7368844047375087
9.53,31.66,0.0,-0.9420807577122887,-0.0115727446041004,0.9823344087711088,189.55365102998726,-0.1388729352492048,0.06043422526085224,-0.7716007327196055,-0.013887293524920479,1.002514982973141,-0.7368844047375087
9.53,31.66,0.0,-4.47800171663601,-0.4418356915788612,0.3733685988989932,189.55365102998726,-5.302028298946334,-2.326263319501661,-0.2276550527425743,-0.5302028298946334,2.151738397134349,-0.7368844047375087
9.53,31.66,0.0,0.4867023890395519,-1.967009363077585,-1.200373765760311,189.55365102998726,-23.60411235693102,-0.822775568104908,-5.473977349269206,-2.360411235693102,-1.30947795714446,-0.7368844047375087
9.53,31.66,0.0,0.4867023890395519,-1.967009363077585,-1.200373765760311,189.55365102998726,-23.60411235693102,-0.822775568104908,-5.473977349269206,-2.360411235693102,-1.30947795714446,-0.7368844047375087
9.89,32.11,1.0,0.9305420667216379,0.4829885172880774,0.6467116889779952,183.8041726323415,5.795862207456929,1.0721568656536928,2.2011137518557775,0.5795862207456929,0.14161479893205497,-1.1466445734612989
9.89,32.11,1.0,-0.14859255023930157,1.029915926000562,0.7242401648162988,183.8041726323415,12.358991112006743,0.11975965336764381,1.205188466551222,1.2358991112006743,0.2683522036069454,-1.1466445734612989
9.89,32.11,1.0,0.7276329201500996,1.6791647317737182,0.1523732747933154,183.8041726323415,20.149976781284618,0.22876331168721162,5.127109429377651,2.0149976781284615,-0.49886960846288797,-1.1466445734612989
9.89,32.11,1.0,-0.969521025276063,1.0120111152290414,0.5426857559433049,183.8041726323415,12.144133382748496,-0.2669541563365916,4.226797534487531,1.2144133382748497,0.7025668689394714,-1.1466445734612989
9.89,32.11,1.0,0.10817159926705977,0.4188553706782325,0.4173963822852217,183.8041726323415,5.0262644481387895,0.37088190136982707,0.6417488762574345,0.502626444813879,0.2627103021027673,-1.1466445734612989
9.89,32.11,1.0,0.37946364689319556,0.310240031249898,-0.4889837819540963,183.8041726323415,3.722880374998776,-0.126064793551785,2.9635954112769625,0.3722880374998776,-0.5055284404449806,-1.1466445734612989
9.89,32.11,1.0,0.876250154514332,1.241752502129246,-0.1199258341378241,183.8041726323415,14.901030025550952,-0.04820341660344751,1.5628889168846702,1.490103002555095,-0.9244535711177795,-1.1466445734612989
9.89,32.11,0.0,0.44258755294048596,0.0104130961298888,-0.6952509083186345,183.8041726323415,0.1249571535586656,-0.3080227087495488,1.203311995488903,0.01249571535586656,-0.7506102616900348,-1.1466445734612989
9.89,32.11,0.0,-1.3146168194458185,0.4331834452085543,0.5999648804992121,183.8041726323415,5.198201342502651,-0.6143346365460021,1.9807031207267158,0.5198201342502651,0.7002821828998165,-1.1466445734612989
9.89,32.11,0.0,-4.47800171663601,0.2021930131479345,-1.0580218437036046,183.8041726323415,2.426316157775214,-3.141225949206806,5.826795826312235,0.2426316157775214,1.3367757674292038,-1.1466445734612989
9.89,32.11,0.0,0.4867023890395519,-1.967009363077585,-1.200373765760311,183.8041726323415,-23.60411235693102,-0.822775568104908,-5.473977349269206,-2.360411235693102,-1.30947795714446,-1.1466445734612989
8.63,33.03,1.0,1.6153899505618412,-0.4334681095939135,0.188544567737005,54.54800240466186,-5.2016173151269625,0.12491627423143503,2.9005822119192004,-0.5201617315126962,-1.490473676330406,-0.3785522850784749
8.63,33.03,1.0,3.4662598912380256,0.7812271337657645,0.1484246171907916,54.54800240466186,9.374725605189173,1.523371657703558,5.8755398896611695,0.9374725605189174,-1.9428882335344675,-0.3785522850784749
8.63,33.03,1.0,4.156452383125789,1.4783555722627413,-0.1331507868448628,54.54800240466186,17.740266867152897,1.8409859976803618,0.9025176329447497,1.7740266867152894,-2.315466385445427,-0.3785522850784749
8.63,33.03,1.0,2.5927740280064935,0.5837516910463433,0.7310626776515033,54.54800240466186,7.00502029255612,1.5452188659102875,2.8869030469247003,0.7005020292556119,-1.047555162096206,-0.3785522850784749
8.63,33.03,1.0,4.5365859502627375,0.5278975221733017,0.3148533146311831,54.54800240466186,6.3347702660796195,2.536058260434462,2.2535767706667644,0.633477026607962,-2.0005276898282753,-0.3785522850784749
8.63,33.03,1.0,0.45835437230296394,0.1544878468040395,-0.6464019263776027,54.54800240466186,1.8538541616484743,-0.7147253339716451,1.0787988439651757,0.1853854161648474,-1.173079706274609,-0.3785522850784749
