longitude,latitude,label,sar_vv_mean,sar_vh_mean,sar_vv_std,sar_vh_std,rainfall_total,rainfall_max,elevation_mean,slope_mean,water_occurrence,region_Unity_Flood_Prone,region_Upper_Nile_Flood_Prone
31.56,6.21,1.0,0.08815942287728482,-0.11554729542735315,-0.09388517553183827,0.1830280431320531,-0.4437983487245556,-0.1542218251103996,1.6650867045912159,-0.44858316720346225,0.9119156492820271,False,False
31.56,6.21,1.0,0.41218782810270793,0.35345732200179236,-0.2565327060733318,-0.09774350839194021,0.4632565750237158,0.22964003670132963,1.6650867045912159,-0.44858316720346225,0.9119156492820271,False,False
31.56,6.21,1.0,0.09520315864511611,0.13665947687423508,-0.407804947878313,-0.5743671624539749,0.10919082439540254,1.6045123414908213,1.6650867045912159,-0.44858316720346225,0.9119156492820271,False,False
31.56,6.21,1.0,0.22448898366411393,0.3060182464200912,0.06405379942187721,-0.29489192554439664,0.7043660764075157,0.07999308436983386,1.6650867045912159,-0.44858316720346225,0.9119156492820271,False,False
31.56,6.21,1.0,0.4420855088840687,0.2963067474818446,-0.16700690261687437,-0.4189685699414268,0.12531480339358234,-0.18709349086185925,1.6650867045912159,-0.44858316720346225,0.9119156492820271,False,False
31.56,6.21,1.0,0.7052750832927333,0.48661380081048106,-0.48987477885797176,-0.4117841174225667,-0.40833322837046565,-0.2626182047882229,1.6650867045912159,-0.44858316720346225,0.9119156492820271,False,False
31.56,6.21,1.0,0.24527773887928916,0.35161715074026806,0.9685703938763982,0.2325541828816297,0.6493497980603107,-0.4179825667042242,1.6650867045912159,-0.44858316720346225,0.9119156492820271,False,False
31.56,6.21,0.0,0.2562559434644577,0.24800192112424183,-0.37819956694296136,-0.3709303993346936,-0.902302480542004,-0.8815657233189509,1.6650867045912159,-0.44858316720346225,0.9119156492820271,False,False
31.56,6.21,0.0,0.47921846508662835,0.6286186007813245,-0.47816173824440905,-0.6512085175108098,-0.2600889171946812,0.12829379907562985,1.6650867045912159,-0.44858316720346225,0.9119156492820271,False,False
31.56,6.21,0.0,-0.451565137815486,-0.39685038280529994,-2.2390008583180054,-2.089596331202552,-0.609334036773816,-0.44935587955433054,1.6650867045912159,-0.44858316720346225,0.9119156492820271,False,False
31.56,6.21,0.0,-0.704933371273725,-1.2643340954011466,-0.6916557291454085,0.3321058920804651,-1.9670093630775851,-1.7536576526007084,1.6650867045912159,-0.44858316720346225,0.9119156492820271,False,False
31.56,6.21,0.0,-0.3115698607522135,-0.5423726480007535,-0.5429879079220072,0.15652885343838463,-1.9670093630775851,-1.8246591164230688,1.6650867045912159,-0.44858316720346225,0.9119156492820271,False,False
31.58,6.19,1.0,0.09589574155735206,-0.08260071147996831,-0.3592684107166017,-0.17978286406600347,-0.4389684744797901,-0.026093823782953482,1.8313488625790544,-0.6665899288705144,0.4277017381545011,False,False
31.58,6.19,1.0,0.43204173259441025,0.3035987165029328,-0.1659119042732341,0.10254792902772311,0.4961928679023615,0.24221021290663874,1.8313488625790544,-0.6665899288705144,0.4277017381545011,False,False
31.58,6.19,1.0,0.24653698094741883,0.22209825793112964,-0.571753316151228,-0.5892382076141923,0.09578523662956738,1.6168508290543446,1.8313488625790544,-0.6665899288705144,0.4277017381545011,False,False
31.58,6.19,1.0,0.40619907619397216,0.41946878548735417,-0.013568254929160167,-0.12106587322599197,0.7840189432186084,0.041273982595326324,1.8313488625790544,-0.6665899288705144,0.4277017381545011,False,False
31.58,6.19,1.0,0.7202709437206767,0.6551188416415789,-0.42279703250722717,-0.5111133192630632,0.14027023616993736,-0.07912780366227287,1.8313488625790544,-0.6665899288705144,0.4277017381545011,False,False
31.58,6.19,1.0,0.7994351310486788,0.6518834868447276,-0.4546157173675901,-0.4214239622066328,-0.40367889747481384,-0.19532585511266157,1.8313488625790544,-0.6665899288705144,0.4277017381545011,False,False
31.58,6.19,1.0,0.3680860973256742,0.4644377144249235,0.6696269443163284,0.055245041170831156,0.6517079453116241,-0.1205230176553315,1.8313488625790544,-0.6665899288705144,0.4277017381545011,False,False
31.58,6.19,0.0,0.28275823682043916,0.2975221583321186,-0.30161145260967526,-0.34040696070244425,-0.8731032004165953,-0.696653963991487,1.8313488625790544,-0.6665899288705144,0.4277017381545011,False,False
31.58,6.19,0.0,0.4877394011867716,0.6330240403400683,-0.2598701783242827,-0.5348071137139467,-0.25354642148175,0.26712470034156793,1.8313488625790544,-0.6665899288705144,0.4277017381545011,False,False
31.58,6.19,0.0,-1.004770372376301,-1.040409507056906,-2.2390008583180054,-2.089596331202552,-0.6225654425486007,-0.4293656545831182,1.8313488625790544,-0.6665899288705144,0.4277017381545011,False,False
31.58,6.19,0.0,-1.2009561351497597,-2.1551385446819182,-0.8396606610400136,0.9570769125225317,-1.9670093630775851,-1.7821129649708638,1.8313488625790544,-0.6665899288705144,0.4277017381545011,False,False
31.58,6.19,0.0,-0.6114568018212416,-0.9687200625054468,-0.4934418906218118,0.5842368622456223,-1.9670093630775851,-1.8246591164230688,1.8313488625790544,-0.6665899288705144,0.4277017381545011,False,False
31.08,7.73,1.0,-2.364151649800938,-2.309548977245643,0.31066928075724914,1.5642111025547867,-0.05632778105287796,-0.17268557466931397,-0.04043912467766022,0.09495904042683821,-1.0807950460497073,False,False
31.08,7.73,1.0,0.6615117573089045,-1.2116721021132741,0.5699872189631976,1.5258893661157031,0.8446036115844135,-0.19319942111549476,-0.04043912467766022,0.09495904042683821,-1.0807950460497073,False,False
31.08,7.73,1.0,1.7009964082752393,-0.6506745658226458,-0.8511080898352206,1.8596792149755195,0.6786112805979165,-0.19227856047595604,-0.04043912467766022,0.09495904042683821,-1.0807950460497073,False,False
31.08,7.73,1.0,2.528742122415451,-0.3232412041217423,-0.1644998376227087,0.2889103226364717,0.9400057229974454,-0.3619648068070857,-0.04043912467766022,0.09495904042683821,-1.0807950460497073,False,False
31.08,7.73,1.0,2.528742122415451,0.8073033380125599,0.39856076908497584,-0.5879173228630101,0.2762259710683189,-0.15151116618062407,-0.04043912467766022,0.09495904042683821,-1.0807950460497073,False,False
31.08,7.73,1.0,-1.1705461000690964,-0.2609307162721656,0.751921594803187,0.04922845699234865,-0.09733720719185693,-0.04800386490189421,-0.04043912467766022,0.09495904042683821,-1.0807950460497073,False,False
31.08,7.73,1.0,-0.6766746834395483,-0.59871412277537,0.5824346160459398,0.5872487968330358,1.0400450358779998,0.3179707587531681,-0.04043912467766022,0.09495904042683821,-1.0807950460497073,False,False
31.08,7.73,0.0,-1.097396263013109,-0.08023336473985253,0.015196746229624565,-0.19460332713808395,-0.20905541899070879,-0.39779175824440793,-0.04043912467766022,0.09495904042683821,-1.0807950460497073,False,False
31.08,7.73,0.0,-1.4093912829176498,-0.24458481425211714,0.540266461918892,0.06593255313284709,-0.022889203719912266,-0.07980382334307923,-0.04043912467766022,0.09495904042683821,-1.0807950460497073,False,False
31.08,7.73,0.0,0.05475053796574163,1.006727599781648,-2.2390008583180054,-2.089596331202552,-0.35804108574909166,-0.06096441060543431,-0.04043912467766022,0.09495904042683821,-1.0807950460497073,False,False
31.08,7.73,0.0,-1.312452660183501,-1.6247059121248488,-0.8484984190323718,-0.060018403571617064,-1.9670093630775851,-1.8246591164230688,-0.04043912467766022,0.09495904042683821,-1.0807950460497073,False,False
31.08,7.73,0.0,-0.7790346693763885,-1.630317111276796,-0.953795043099707,0.2553275897131191,-1.9670093630775851,-1.8246591164230688,-0.04043912467766022,0.09495904042683821,-1.0807950460497073,False,False
33.13,6.8,1.0,0.9317544080170099,1.3706213505402383,-0.8983622528029596,-0.8240858407605516,-0.2607881866312738,1.9848245422070463,0.9419176661490393,1.5013317365257794,-0.4946123221027904,False,False
33.13,6.8,1.0,0.7170346592065924,1.091673663969545,-0.5120826423384737,-0.3777344508488582,0.987856168651414,1.4565721647107241,0.9419176661490393,1.5013317365257794,-0.4946123221027904,False,False
33.13,6.8,1.0,1.202020497595969,1.5745312026944447,-0.9031661895779408,-0.916516403238857,1.0379393412353404,1.9848245422070463,0.9419176661490393,1.5013317365257794,-0.4946123221027904,False,False
33.13,6.8,1.0,0.8628736441389648,1.295165496074786,-0.19833023379709866,-0.3758843679794301,0.6506782690982167,0.7270276128304008,0.9419176661490393,1.5013317365257794,-0.4946123221027904,False,False
33.13,6.8,1.0,0.6939069578343053,1.123527801935127,0.3162385099184305,-0.17163926411477665,0.9210342214263003,1.311965893170108,0.9419176661490393,1.5013317365257794,-0.4946123221027904,False,False
33.13,6.8,1.0,1.348783357402453,1.7193607122184722,-0.8335523920553399,-0.8952878310369,0.0907705966403942,1.904783115148168,0.9419176661490393,1.5013317365257794,-0.4946123221027904,False,False
33.13,6.8,1.0,0.5239645356845148,0.8634819729923491,-0.19798057294849128,-0.4032883542770732,1.0912158444511304,0.8715413901803086,0.9419176661490393,1.5013317365257794,-0.4946123221027904,False,False
33.13,6.8,0.0,0.8558328597045376,1.4213688823760502,-0.9236236530793264,-0.9210009982486113,-0.6247427866361074,0.6144876352299903,0.9419176661490393,1.5013317365257794,-0.4946123221027904,False,False
33.13,6.8,0.0,1.0490141473378518,1.6309526740338731,-0.6977646212899002,-0.8785639591914177,-0.14115744607275652,0.2839444534928911,0.9419176661490393,1.5013317365257794,-0.4946123221027904,False,False
33.13,6.8,0.0,0.7088670479405041,1.1532261478208823,-1.8691766911058458,-1.6427490469821466,-0.2592462230741651,0.7813845606182672,0.9419176661490393,1.5013317365257794,-0.4946123221027904,False,False
33.13,6.8,0.0,0.001533977444929971,-0.015381579997823806,-1.3109550553417881,-0.7899709651162543,-1.9670093630775851,-1.8246591164230688,0.9419176661490393,1.5013317365257794,-0.4946123221027904,False,False
33.13,6.8,0.0,0.2570754361653659,0.46609939499676095,-0.6741828313479332,-0.3696018308552186,-1.9670093630775851,-1.8246591164230688,0.9419176661490393,1.5013317365257794,-0.4946123221027904,False,False
31.73,7.28,1.0,-0.5093920038223299,0.17919576029755324,1.335466233260811,-0.558874817925462,-0.12780657804225048,0.343456776444581,0.6301215802596787,-0.6451409595421843,-0.8389765346791941,False,False
31.73,7.28,1.0,0.3861498488579969,0.43084266404466653,0.49057826660320913,0.01243437866665459,0.7427299675664896,0.14783413597623257,0.6301215802596787,-0.6451409595421843,-0.17382078213908117,False,False
31.73,7.28,1.0,-0.039281066226676827,-0.1293066199022761,2.2682929751313687,1.0556329939373161,0.714604432469904,0.623836651131238,0.6301215802596787,-0.6451409595421843,-0.17382078213908117,False,False
31.73,7.28,1.0,0.37274977232575324,0.847865170968769,0.915072813097675,-0.37372299966359296,0.7805926314785833,0.8824335041943845,0.6301215802596787,-0.6451409595421843,0.03419768709080056,False,False
31.73,7.28,1.0,1.7738698241775877,0.8744034557220486,1.108584599421027,-0.4900217830480294,0.4441506415431975,0.41368793781043267,0.6301215802596787,-0.6451409595421843,0.3294814525142605,False,False
31.73,7.28,1.0,2.073851673374896,0.03298528734804728,2.005437611696009,0.6601875382053387,-0.10009682045492883,0.5244751398002706,0.6301215802596787,-0.6451409595421843,-0.9533559282128281,False,False
31.73,7.28,1.0,0.9519633383908968,0.07568470991340721,0.24486688856949504,0.2700070524173379,0.8538136638070759,-0.1955892288676954,0.6301215802596787,-0.6451409595421843,-0.5723629212054282,False,False
31.73,7.28,0.0,-0.2806630074665495,0.5034373233266672,-0.38231593890035165,-0.3188586208738879,-0.28309739684565294,1.1237626642967498,0.6301215802596787,-0.6451409595421843,-0.1460804605637519,False,False
31.73,7.28,0.0,-0.6989578305902925,-0.13790562599947018,1.6989619772248115,1.2716582044184832,-0.1575439506025794,0.319284261164037,0.6301215802596787,-0.6451409595421843,-0.7845660548322156,False,False
31.73,7.28,0.0,-0.9514955613324854,-0.9527398932836645,-2.2390008583180054,-2.089596331202552,-0.16129481858316028,0.2714316462808822,0.6301215802596787,-0.6451409595421843,-0.7845660548322156,False,False
31.73,7.28,0.0,-2.2384903047884555,-2.309548977245643,-1.078891960801134,2.0116711093634203,-1.9670093630775851,-1.8246591164230688,0.6301215802596787,-0.6451409595421843,-0.16647422312763016,False,False
31.73,7.28,0.0,-1.3439136462989902,0.08429421743161061,0.004718433490777149,1.589846993765149,-1.9670093630775851,-1.8246591164230688,0.6301215802596787,-0.6451409595421843,-0.47552013897992285,False,False
33.17,7.68,1.0,-0.3221216626087396,0.7135207143792337,-0.9818037291015855,-0.9576491839224329,0.18717682239122385,1.9848245422070463,0.32655359321687977,-1.184221189686091,0.6457053631407543,False,False
33.17,7.68,1.0,-0.43105083265046223,0.3523523134225352,0.828920960792098,0.1600422706754964,0.9906781605795055,0.7790302567988363,0.32655359321687977,-1.184221189686091,-0.8210494882981314,False,False
33.17,7.68,1.0,0.4043412002612051,1.0707212365881027,-0.7628227262868826,-0.9232152146651841,1.7106168944231845,1.772089443916863,0.32655359321687977,-1.184221189686091,-0.021918242801878762,False,False
33.17,7.68,1.0,-0.3256350851673245,0.5988214448141642,0.10440648850028944,-0.2214254756078879,0.7834820969529263,1.4317048031861033,0.32655359321687977,-1.184221189686091,0.2558050296139493,False,False
33.17,7.68,1.0,1.148814119767563,1.4813384105555627,-0.7373908155910794,-1.0203071259918592,1.1274216259505287,1.7533413230619785,0.32655359321687977,-1.184221189686091,-0.6964675217170015,False,False
33.17,7.68,1.0,0.3603450841852602,0.6460028993459274,-0.08265749666152948,0.030024446224100946,0.8104998647021117,1.1124623857804359,0.32655359321687977,-1.184221189686091,0.2558050296139493,False,False
33.17,7.68,1.0,-0.21932054153949795,-0.0982681176603744,0.5831441697270136,0.24123214976879115,1.3476262623673014,1.0662185874122394,0.32655359321687977,-1.184221189686091,0.08225857768425941,False,False
33.17,7.68,0.0,-0.24872927017438334,0.571833388850307,-0.5801709786797099,-0.7196084450091337,-0.4358126695655294,0.9583718229134893,0.32655359321687977,-1.184221189686091,0.3277646415198748,False,False
33.17,7.68,0.0,-0.9134012634671856,0.6514632114518574,-0.5881724994891617,-0.9470594155013856,0.09395606884968857,0.2590241228338637,0.32655359321687977,-1.184221189686091,0.133098119201216,False,False
33.17,7.68,0.0,1.5066961675856,0.7980879900739116,-2.2390008583180054,-2.089596331202552,0.005420735390286723,1.4838218428769483,0.32655359321687977,-1.184221189686091,-0.2552091802045696,False,False
33.17,7.68,0.0,-1.4682412162766427,-2.309548977245643,1.0765655395005689,2.0116711093634203,-1.9670093630775851,-1.8246591164230688,0.32655359321687977,-1.184221189686091,-0.3065362883516832,False,False
33.17,7.68,0.0,0.03158121499288671,0.5268706021297548,1.7573518683306775,2.0116711093634203,-1.9670093630775851,-1.8246591164230688,0.32655359321687977,-1.184221189686091,-0.7845660548322156,False,False
29.82,9.23,1.0,-2.364151649800938,-2.309548977245643,1.0951666699332094,2.0116711093634203,0.009964610639537231,-0.5858713208397742,-0.9452744477313945,2.2262563023532973,-0.5088980783815374,True,False
29.82,9.23,1.0,-2.364151649800938,-2.309548977245643,0.5056295621599486,1.596026367370041,1.2849322168435844,-0.16670275067405957,-0.9452744477313945,2.2262563023532973,-0.5088980783815374,True,False
29.82,9.23,1.0,-0.5680309076577151,-0.5984597949392165,0.41659023482762375,0.4736958191511808,0.8368758816374032,0.9361575937386639,-0.9452744477313945,2.2262563023532973,-0.5088980783815374,True,False
29.82,9.23,1.0,1.1387910507536443,1.1858123774334277,0.735440088530366,-0.015103483494867965,1.1401000967414445,-0.378681937139413,-0.9452744477313945,2.2262563023532973,-0.5088980783815374,True,False
29.82,9.23,1.0,0.8307966240822978,1.5835382598608276,-0.26578833572832705,-0.4830332717233737,0.14312159098838811,6.935244912721095e-05,-0.9452744477313945,2.2262563023532973,-0.5088980783815374,True,False
29.82,9.23,1.0,0.49994178877149215,1.139772134897849,-0.5973116863201902,-0.5516210409903122,0.10495642937035944,0.28979040312087345,-0.9452744477313945,2.2262563023532973,-0.5088980783815374,True,False
29.82,9.23,1.0,-0.36821512544076906,-0.18039155245386573,0.5780577875878534,0.260650532034127,1.8118792970047195,-0.15025615179916343,-0.9452744477313945,2.2262563023532973,-0.5088980783815374,True,False
29.82,9.23,0.0,-0.16224657923878433,0.38410553172512096,0.44578416253659753,1.1229615871739957,-0.0033166771640744082,0.33957481188798844,-0.9452744477313945,2.2262563023532973,-0.5088980783815374,True,False
29.82,9.23,0.0,-0.2345217309175553,0.6158763102026727,-0.18340986760255149,-0.35678965961673753,0.5436685355270611,-0.20930352380867895,-0.9452744477313945,2.2262563023532973,-0.5088980783815374,True,False
29.82,9.23,0.0,-0.12437958632707528,0.5834098642184558,-2.2390008583180054,-1.9812550007928893,-0.1421997734080186,-0.07520856052559034,-0.9452744477313945,2.2262563023532973,-0.5088980783815374,True,False
29.82,9.23,0.0,-2.364151649800938,-2.309548977245643,0.3766415110829338,2.0116711093634203,-1.9670093630775851,-1.8246591164230688,-0.9452744477313945,2.2262563023532973,-0.5088980783815374,True,False
29.82,9.23,0.0,-2.364151649800938,-2.309548977245643,0.2132479126256455,2.0116711093634203,-1.9670093630775851,-1.8246591164230688,-0.9452744477313945,2.2262563023532973,-0.5088980783815374,True,False
30.15,8.3,1.0,0.48428649190155026,-0.7361773955982353,0.9565275332999555,0.9491097629439381,0.21848027789962024,0.4275968933762261,-1.0083866615342205,-0.3390283963035935,-0.9544327051856618,True,False
30.15,8.3,1.0,-0.01699576549708556,-0.18248572568034532,0.3338158219729397,0.13807393801870926,1.114889868190767,0.15014489702435055,-1.0083866615342205,-0.3390283963035935,-0.9544327051856618,True,False
30.15,8.3,1.0,-0.4615872579558932,-1.1028849347868406,1.204781379242999,0.5942008705570584,0.6016826157282128,0.12741718656955003,-1.0083866615342205,-0.3390283963035935,-0.9544327051856618,True,False
30.15,8.3,1.0,0.8269754760206696,0.06696379868998044,0.5979280673932291,0.3990517206545063,0.9907078295071294,0.09946079550622293,-1.0083866615342205,-0.3390283963035935,-0.9544327051856618,True,False
30.15,8.3,1.0,0.6390038420299676,-0.13660707324619345,1.5469483064416527,0.39032796281882615,0.4657644711109416,0.8139759908291198,-1.0083866615342205,-0.3390283963035935,-0.9544327051856618,True,False
30.15,8.3,1.0,-0.9951868838214171,-1.0652232424378483,0.6506844323323949,0.6849510925683742,0.419438746700732,0.17694328411928065,-1.0083866615342205,-0.3390283963035935,-0.9544327051856618,True,False
30.15,8.3,1.0,-0.36821512544076906,-0.18039155245386573,0.5780577875878534,0.260650532034127,1.5580156749023115,0.7059842752302117,-1.0083866615342205,-0.3390283963035935,-0.9544327051856618,True,False
30.15,8.3,0.0,-0.1819309456601383,0.039437399067306235,0.21097779085840465,0.13837558294332808,0.25483051165130216,-0.03501772251685678,-1.0083866615342205,-0.3390283963035935,-0.9544327051856618,True,False
30.15,8.3,0.0,-0.7018751880058215,0.1526663983183185,0.4987009105975051,-0.25344174673661196,0.4322642761439788,0.8139542706397362,-1.0083866615342205,-0.3390283963035935,-0.9544327051856618,True,False
30.15,8.3,0.0,-0.3031544349034263,-0.5754601880271206,-1.880685539864961,-1.5936965583267266,0.22300559639570983,0.0638695732188899,-1.0083866615342205,-0.3390283963035935,-0.9544327051856618,True,False
30.15,8.3,0.0,-1.0012631043327385,-1.1263826343964125,-0.09916299984213,0.9483755850251897,-1.9670093630775851,-1.8246591164230688,-1.0083866615342205,-0.3390283963035935,-0.9544327051856618,True,False
30.15,8.3,0.0,-0.5746861351383957,-0.34848946264355474,-0.3430421786799104,0.20606831983798668,-1.9670093630775851,-1.8246591164230688,-1.0083866615342205,-0.3390283963035935,-0.9544327051856618,True,False
28.6,8.9,1.0,1.8280190986106428,-1.2594409756073235,0.850797049504119,0.3645255379988894,-0.37725676342182846,0.46107282939486377,-0.4342710687531758,-1.124118467225772,-0.6333139299794367,True,False
28.6,8.9,1.0,1.1077851727764967,-0.6670097698344485,1.555726176061785,0.4962538370130799,0.7622431526144979,-0.5800560821933051,-0.4342710687531758,-1.124118467225772,-0.6333139299794367,True,False
28.6,8.9,1.0,0.1337074508570896,-0.24533880234453959,2.043070930583992,0.7673333888883077,0.5060893153572069,-0.001997698697513915,-0.4342710687531758,-1.124118467225772,-0.6333139299794367,True,False
28.6,8.9,1.0,1.8963711656464295,-1.0918694423207813,1.5647166318055554,0.6759586223178512,0.6254567900514866,-0.20643169829721597,-0.4342710687531758,-1.124118467225772,-0.6333139299794367,True,False
28.6,8.9,1.0,1.1642414446726748,-0.5357925775114605,2.1189078698107293,0.28955370994536705,-0.20767343539479327,-0.1851983930913352,-0.4342710687531758,-1.124118467225772,-0.6333139299794367,True,False
28.6,8.9,1.0,0.2287326721765181,-0.15097385590422033,1.5849980211642358,-0.1404419106150407,0.06660521136210207,-0.8238252497473044,-0.4342710687531758,-1.124118467225772,-0.6333139299794367,True,False
28.6,8.9,1.0,0.6961623390974778,0.12422858299733633,0.39903558706173375,0.2300121738005761,0.9192564628123029,0.5562681702207531,-0.4342710687531758,-1.124118467225772,-0.6333139299794367,True,False
28.6,8.9,0.0,-0.30412884082845154,0.1301028368130023,0.28392023397347427,-0.22615834673451043,0.31016298465019443,-0.19000926830622364,-0.4342710687531758,-1.124118467225772,-0.6333139299794367,True,False
28.6,8.9,0.0,0.7575515065808027,-0.12714670128390393,1.5051831228296086,-0.18637298742914396,0.07876313610019381,0.12453331650923942,-0.4342710687531758,-1.124118467225772,-0.6333139299794367,True,False
28.6,8.9,0.0,0.7734597084039221,0.23070199584394288,-2.2390008583180054,-2.089596331202552,-0.19137658024428406,-0.2454114404499708,-0.4342710687531758,-1.124118467225772,-0.6333139299794367,True,False
28.6,8.9,0.0,0.7474037595109615,0.2586579518244417,-0.5487656707744902,-0.09941826867090958,-1.9670093630775851,-1.8246591164230688,-0.4342710687531758,-1.124118467225772,-0.6333139299794367,True,False
28.6,8.9,0.0,1.3173685610535562,-0.5213303827679883,-0.3370706338843144,-0.137811478961743,-1.9670093630775851,-1.8246591164230688,-0.4342710687531758,-1.124118467225772,-0.6333139299794367,True,False
29.7,9.3,1.0,-2.364151649800938,-2.309548977245643,0.4799504927224707,2.0116711093634203,-0.08273985853898295,-0.44289131732059495,-0.9894056978165147,0.7370872649376142,-1.029782180812228,True,False
29.7,9.3,1.0,-2.364151649800938,-2.309548977245643,0.6477551900034575,2.0116711093634203,1.0462133799426743,0.011314861576217644,-0.9894056978165147,0.7370872649376142,-1.029782180812228,True,False
29.7,9.3,1.0,-0.7428099409229509,0.22075455136192884,-0.45589773450666526,-0.520790458949956,0.604910191960765,0.23317807946129954,-0.9894056978165147,0.7370872649376142,-1.029782180812228,True,False
29.7,9.3,1.0,0.8157982351151346,1.248326408719369,0.5037530400679737,-0.007415209703901882,1.0607804849820746,0.19000913498896907,-0.9894056978165147,0.7370872649376142,-1.029782180812228,True,False
29.7,9.3,1.0,1.0350085261433484,1.631719627409691,-0.6631422124788178,-0.7436936709882094,0.047854047034453825,-0.3228351632378801,-0.9894056978165147,0.7370872649376142,-1.029782180812228,True,False
29.7,9.3,1.0,0.8098897050700884,1.2715044645899747,-0.7857884366122514,-0.718020093493224,-0.01154761504239308,0.21768550275324752,-0.9894056978165147,0.7370872649376142,-1.029782180812228,True,False
29.7,9.3,1.0,-0.36821512544076906,-0.18039155245386573,0.5780577875878534,0.260650532034127,1.668443028454565,0.13359847397854888,-0.9894056978165147,0.7370872649376142,-1.029782180812228,True,False
29.7,9.3,0.0,0.687781360156659,1.1820774895735542,-0.41836799299888483,-0.2726397211318913,-0.13549632358800134,0.3673567791099781,-0.9894056978165147,0.7370872649376142,-1.029782180812228,True,False
29.7,9.3,0.0,0.8529201053139354,1.549569844540399,-0.5598601212022593,-0.6263469812532153,0.47257737607599604,-0.2184030374825157,-0.9894056978165147,0.7370872649376142,-1.029782180812228,True,False
29.7,9.3,0.0,0.8199192873749535,1.5647090746672712,-2.2390008583180054,-2.0618155034440817,-0.21653121311559137,-0.7040262462324044,-0.9894056978165147,0.7370872649376142,-1.029782180812228,True,False
29.7,9.3,0.0,-2.364151649800938,-2.309548977245643,0.21849571825981334,2.0116711093634203,-1.9670093630775851,-1.8246591164230688,-0.9894056978165147,0.7370872649376142,-1.029782180812228,True,False
29.7,9.3,0.0,-2.364151649800938,-2.309548977245643,0.1416419464028748,2.0116711093634203,-1.9670093630775851,-1.8246591164230688,-0.9894056978165147,0.7370872649376142,-1.029782180812228,True,False
31.66,9.53,1.0,-0.4357183179208913,-0.0005187761580719121,-0.5512529193623819,-0.7807133636041229,-0.2113366643262887,-0.3961027444367756,-0.7368844047375087,0.586630312009908,1.8955365102998727,False,True
31.66,9.53,1.0,0.606885832292874,0.6467116889779952,0.46527103336081904,-0.44135671894246814,0.4978708325005574,-0.4429551148693971,-0.7368844047375087,0.586630312009908,1.8955365102998727,False,True
31.66,9.53,1.0,0.15086571079500136,0.47884511185424955,0.8865602431644918,0.10058866871131802,0.7876081079385894,0.19217022189205324,-0.7368844047375087,0.586630312009908,1.8955365102998727,False,True
31.66,9.53,1.0,0.6330241770704821,1.026940411752313,-0.4738953471781411,-0.7014490016425724,0.43760495601106353,0.2944099878234183,-0.7368844047375087,0.586630312009908,1.8955365102998727,False,True
31.66,9.53,1.0,0.7422054347364563,1.0719727125625431,-0.24632184149719652,-0.26276601489570056,0.08329340088350871,-0.372273161257069,-0.7368844047375087,0.586630312009908,1.8955365102998727,False,True
31.66,9.53,1.0,0.26191681360720537,0.4054185548685567,-0.3944906298054491,-0.6022973359975012,-0.257074344921676,-0.4313832162563233,-0.7368844047375087,0.586630312009908,1.8955365102998727,False,True
31.66,9.53,1.0,0.48694115567148816,0.8416383513401512,0.0519104448863649,-0.30773366538122876,1.0689892311458646,-0.009995944124126778,-0.7368844047375087,0.586630312009908,1.8955365102998727,False,True
31.66,9.53,0.0,-0.1852176630402331,-0.1903178532855031,-0.008331230099891306,-0.4005243098148566,-0.44134920341498224,-0.5906559384389767,-0.7368844047375087,0.586630312009908,1.8955365102998727,False,True
31.66,9.53,0.0,0.5314746041169967,0.9823344087711087,-0.4710403788561444,-0.8155714208252001,-0.011572744604100448,-0.2572002442398685,-0.7368844047375087,0.586630312009908,1.8955365102998727,False,True
31.66,9.53,0.0,-0.08726246118365623,0.37336859889899326,-2.2390008583180054,-2.089596331202552,-0.4418356915788612,-0.07588501758085814,-0.7368844047375087,0.586630312009908,1.8955365102998727,False,True
31.66,9.53,0.0,-1.066126762624684,-1.200373765760311,0.24335119451977602,2.0116711093634203,-1.9670093630775851,-1.8246591164230688,-0.7368844047375087,0.586630312009908,1.8955365102998727,False,True
31.66,9.53,0.0,-1.066126762624684,-1.200373765760311,0.24335119451977602,2.0116711093634203,-1.9670093630775851,-1.8246591164230688,-0.7368844047375087,0.586630312009908,1.8955365102998727,False,True
32.11,9.89,1.0,0.606885832292874,0.6467116889779952,0.46527103336081904,-0.44135671894246814,0.4829885172880774,0.7337045839519258,-1.1466445734612987,-0.34344741174392507,1.838041726323415,False,True
32.11,9.89,1.0,0.1940559284872946,0.7242401648162988,-0.07429627511965083,-0.34899806380383286,1.0299159260005621,0.4017294888504073,-1.1466445734612987,-0.34344741174392507,1.838041726323415,False,True
32.11,9.89,1.0,-0.13505314838783825,0.15237327479331544,0.36381646007504986,0.028974319232013,1.6791647317737182,1.709036476459217,-1.1466445734612987,-0.34344741174392507,1.838041726323415,False,True
32.11,9.89,1.0,0.2178063563014399,0.5426857559433049,-0.48476051263803155,-0.6933244343190161,1.0120111152290414,1.4089325114958438,-1.1466445734612987,-0.34344741174392507,1.838041726323415,False,True
32.11,9.89,1.0,0.3167961017362972,0.41739638228522175,0.05408579963352995,-0.12906263060099446,0.41885537067823253,0.21391629208581156,-1.1466445734612987,-0.34344741174392507,1.838041726323415,False,True
32.11,9.89,1.0,-0.3157966169983828,-0.4889837819540963,0.1897318234465978,0.3164310558335837,0.310240031249898,0.9878651370923207,-1.1466445734612987,-0.34344741174392507,1.838041726323415,False,True
32.11,9.89,1.0,-0.4863284938606135,-0.11992583413782411,0.438125077257166,0.10998162613531959,1.241752502129246,0.5209629722948901,-1.1466445734612987,-0.34344741174392507,1.838041726323415,False,True
32.11,9.89,0.0,-0.5293164852197918,-0.6952509083186345,0.221293776470243,0.6362834206536532,0.010413096129888853,0.40110399849630113,-1.1466445734612987,-0.34344741174392507,1.838041726323415,False,True
32.11,9.89,0.0,0.04297377317690727,0.5999648804992121,-0.6573084097229093,-0.8527169295071586,0.43318344520855434,0.6602343735755719,-1.1466445734612987,-0.34344741174392507,1.838041726323415,False,True
32.11,9.89,0.0,-0.9022250908888012,-1.0580218437036046,-2.2390008583180054,-2.089596331202552,0.20219301314793453,1.9422652754374117,-1.1466445734612987,-0.34344741174392507,1.838041726323415,False,True
32.11,9.89,0.0,-1.066126762624684,-1.200373765760311,0.24335119451977602,2.0116711093634203,-1.9670093630775851,-1.8246591164230688,-1.1466445734612987,-0.34344741174392507,1.838041726323415,False,True
33.03,8.63,1.0,-0.6827787010494855,0.188544567737005,0.8076949752809205,0.33634007604777183,-0.4334681095939135,0.9668607373064002,-0.3785522850784749,-0.847511506646475,0.5454800240466186,False,True
33.03,8.63,1.0,-0.20975828791545473,0.14842461719079167,1.7331299456190128,0.7654352510615314,0.7812271337657645,1.958513296553723,-0.3785522850784749,-0.847511506646475,0.5454800240466186,False,True
33.03,8.63,1.0,-0.2372401938825326,-0.13315078684486284,2.0782261915628943,0.5074710529419355,1.4783555722627413,0.3008392109815832,-0.3785522850784749,-0.847511506646475,0.5454800240466186,False,True
33.03,8.63,1.0,0.24883185190704077,0.7310626776515033,1.2963870140032467,0.5106613405745652,0.5837516910463433,0.9623010156415669,-0.3785522850784749,-0.847511506646475,0.5454800240466186,False,True
33.03,8.63,1.0,0.26776528530309335,0.3148533146311831,2.2682929751313687,-0.03353324991358457,0.5278975221733017,0.7511922568889214,-0.3785522850784749,-0.847511506646475,0.5454800240466186,False,True
33.03,8.63,1.0,-0.943902520123127,-0.6464019263776027,0.229177186151482,1.1598619951146956,0.15448784680403957,0.3595996146550586,-0.3785522850784749,-0.847511506646475,0.5454800240466186,False,True
